Time_s,Hour,User_ID,Lat,Lon,Demand_Mbps,TN_Eval_BS,TN_Eval_MHz,TN_Reason,NTN_Eval_Beam,NTN_Eval_MHz,NTN_Reason,Final_State
0,0.0,0.0,1,45.2681,-75.6429,0.56,BS_192,19.53,Fully Served,None,0.0,N/A,TN
0,0.0,0.0,2,46.3885,-80.9182,0.17,BS_496,20.0,Fully Served,None,0.0,N/A,TN
0,0.0,0.0,3,43.1052,-81.2055,0.38,BS_245,19.88,Fully Served,None,0.0,N/A,TN
0,0.0,0.0,4,43.217,-79.8164,0.83,BS_0,19.57,Fully Served,None,0.0,N/A,TN
0,0.0,0.0,6,46.5222,-81.3133,0.56,None,0.0,No 5G Tower in Geographic Range,Sat_STARLINK-SHELL-2-066-003,299.94,Fully Served,LEO
0,0.0,0.0,7,43.2211,-79.8248,0.11,BS_0,19.73,Fully Served,None,0.0,N/A,TN
0,0.0,0.0,8,43.906,-79.249,0.11,BS_735,20.0,Fully Served,None,0.0,N/A,TN
0,0.0,0.0,9,44.1765,-76.4066,0.87,BS_611,20.0,Fully Served,None,0.0,N/A,TN
0,0.0,0.0,10,43.6762,-79.5625,0.76,BS_335,19.72,Fully Served,None,0.0,N/A,TN
0,0.0,0.0,12,45.1517,-75.6364,0.32,BS_704,20.0,Fully Served,None,0.0,N/A,TN
0,0.0,0.0,13,44.0084,-79.1035,0.81,BS_422,20.0,Fully Served,None,0.0,N/A,TN
0,0.0,0.0,14,49.8411,-81.787,0.42,None,0.0,No 5G Tower in Geographic Range,Sat_STARLINK-SHELL-2-051-006,300.0,Fully Served,LEO
0,0.0,0.0,15,46.5466,-80.7623,0.59,BS_395,19.95,Fully Served,None,0.0,N/A,TN
0,0.0,0.0,16,43.7103,-79.2553,0.37,BS_478,19.86,Fully Served,None,0.0,N/A,TN
0,0.0,0.0,17,43.2307,-79.9398,0.65,BS_149,19.8,Fully Served,None,0.0,N/A,TN
0,0.0,0.0,18,45.3277,-75.3733,0.96,BS_663,19.98,Fully Served,None,0.0,N/A,TN
0,0.0,0.0,19,43.7827,-79.4497,0.17,BS_97,17.92,Fully Served,None,0.0,N/A,TN
0,0.0,0.0,20,44.3323,-76.5365,0.31,BS_256,19.88,Fully Served,None,0.0,N/A,TN
0,0.0,0.0,21,43.3963,-79.8921,0.38,BS_111,19.99,Fully Served,None,0.0,N/A,TN
0,0.0,0.0,23,43.8407,-79.2644,0.97,BS_740,20.0,Fully Served,None,0.0,N/A,TN
0,0.0,0.0,24,43.4677,-79.7261,0.74,BS_514,19.88,Fully Served,None,0.0,N/A,TN
0,0.0,0.0,25,45.2021,-75.5724,0.1,BS_182,19.89,Fully Served,None,0.0,N/A,TN
0,0.0,0.0,26,46.5313,-80.9682,0.59,BS_302,19.93,Fully Served,None,0.0,N/A,TN
0,0.0,0.0,27,43.668,-79.3028,0.77,BS_481,19.8,Fully Served,None,0.0,N/A,TN
0,0.0,0.0,29,43.177,-79.6698,0.9,BS_316,19.94,Fully Served,None,0.0,N/A,TN
0,0.0,0.0,30,45.4106,-75.5467,0.42,BS_271,19.22,Fully Served,None,0.0,N/A,TN
0,0.0,0.0,31,43.6332,-79.4131,4.25,BS_170,19.86,Fully Served,None,0.0,N/A,TN
0,0.0,0.0,32,44.6918,-76.3221,0.1,BS_73,100.0,Fully Served,None,0.0,N/A,TN
0,0.0,0.0,33,44.4831,-76.3578,0.65,BS_86,99.91,Fully Served,None,0.0,N/A,TN
0,0.0,0.0,35,43.1812,-79.916,0.5,BS_145,19.8,Fully Served,None,0.0,N/A,TN
0,0.0,0.0,36,45.3297,-75.576,0.83,BS_180,19.48,Fully Served,None,0.0,N/A,TN
0,0.0,0.0,37,42.9188,-79.8159,3.18,BS_386,100.0,Fully Served,None,0.0,N/A,TN
0,0.0,0.0,38,42.9907,-81.3216,0.91,BS_58,100.0,Fully Served,None,0.0,N/A,TN
0,0.0,0.0,39,42.9159,-81.3329,0.8,BS_708,19.96,Fully Served,None,0.0,N/A,TN
0,0.0,0.0,40,43.6169,-79.8506,0.18,BS_754,19.99,Fully Served,None,0.0,N/A,TN
0,0.0,0.0,42,43.649,-79.5779,0.94,BS_346,20.0,Fully Served,None,0.0,N/A,TN
0,0.0,0.0,43,46.4497,-81.176,0.2,BS_131,19.94,Fully Served,None,0.0,N/A,TN
0,0.0,0.0,44,43.1431,-79.854,0.62,BS_5,19.22,Fully Served,None,0.0,N/A,TN
0,0.0,0.0,45,44.2075,-76.4108,0.75,BS_594,19.88,Fully Served,None,0.0,N/A,TN
0,0.0,0.0,46,43.7721,-79.5211,4.49,BS_657,19.91,Fully Served,None,0.0,N/A,TN
0,0.0,0.0,47,43.8474,-79.643,0.74,BS_647,20.0,Fully Served,None,0.0,N/A,TN
0,0.0,0.0,48,43.6962,-79.6365,0.48,BS_334,19.99,Fully Served,None,0.0,N/A,TN
0,0.0,0.0,49,43.4044,-79.7991,0.31,BS_513,19.93,Fully Served,None,0.0,N/A,TN
0,0.0,0.0,50,45.2776,-75.2951,0.96,BS_568,100.0,Fully Served,None,0.0,N/A,TN
0,0.0,0.0,51,44.3886,-76.4154,0.79,BS_90,19.8,Fully Served,None,0.0,N/A,TN
0,0.0,0.0,52,44.3994,-76.5021,2.96,BS_75,19.92,Fully Served,None,0.0,N/A,TN
0,0.0,0.0,53,43.1348,-81.4728,3.85,BS_54,100.0,Fully Served,None,0.0,N/A,TN
0,0.0,0.0,54,46.6735,-81.1125,0.64,BS_26,19.25,Fully Served,None,0.0,N/A,TN
0,0.0,0.0,55,43.6448,-79.3449,0.78,BS_161,19.99,Fully Served,None,0.0,N/A,TN
0,0.0,0.0,56,42.9056,-81.2752,4.66,BS_717,19.67,Fully Served,None,0.0,N/A,TN
0,0.0,0.0,57,43.124,-79.8453,2.8,BS_1,19.56,Fully Served,None,0.0,N/A,TN
0,0.0,0.0,58,45.2131,-75.7996,0.65,BS_44,19.13,Fully Served,None,0.0,N/A,TN
0,0.0,0.0,59,43.4308,-79.8185,0.78,BS_513,19.89,Fully Served,None,0.0,N/A,TN
0,0.0,0.0,60,43.0607,-81.2428,0.74,BS_246,20.0,Fully Served,None,0.0,N/A,TN
0,0.0,0.0,61,44.1462,-76.4334,0.32,BS_604,20.0,Fully Served,None,0.0,N/A,TN
0,0.0,0.0,62,42.8268,-81.1437,0.14,BS_203,19.87,Fully Served,None,0.0,N/A,TN
0,0.0,0.0,63,44.3058,-76.4943,0.18,BS_250,19.94,Fully Served,None,0.0,N/A,TN
0,0.0,0.0,64,43.3761,-79.9679,0.62,BS_106,18.4,Fully Served,None,0.0,N/A,TN
0,0.0,0.0,65,43.0358,-81.1782,0.11,BS_244,19.94,Fully Served,None,0.0,N/A,TN
0,0.0,0.0,66,42.9469,-81.246,0.66,BS_719,20.0,Fully Served,None,0.0,N/A,TN
0,0.0,0.0,67,43.3983,-79.7765,0.42,BS_506,19.99,Fully Served,None,0.0,N/A,TN
0,0.0,0.0,68,43.3547,-79.811,0.86,BS_509,19.84,Fully Served,None,0.0,N/A,TN
0,0.0,0.0,69,43.7284,-79.4661,0.65,BS_159,19.84,Fully Served,None,0.0,N/A,TN
0,0.0,0.0,70,42.7004,-81.3852,0.99,BS_615,19.95,Fully Served,None,0.0,N/A,TN
0,0.0,0.0,71,44.3099,-76.6781,0.81,BS_222,19.91,Fully Served,None,0.0,N/A,TN
0,0.0,0.0,73,43.3994,-79.9441,0.47,BS_110,19.91,Fully Served,None,0.0,N/A,TN
0,0.0,0.0,74,43.4322,-79.8834,3.76,BS_117,19.84,Fully Served,None,0.0,N/A,TN
0,0.0,0.0,75,43.3874,-79.818,0.66,BS_516,19.81,Fully Served,None,0.0,N/A,TN
0,0.0,0.0,76,43.6915,-79.4776,0.91,BS_168,19.89,Fully Served,None,0.0,N/A,TN
0,0.0,0.0,77,42.9434,-81.1054,0.77,BS_559,19.91,Fully Served,None,0.0,N/A,TN
0,0.0,0.0,78,42.9126,-79.9724,3.56,BS_378,100.0,Fully Served,None,0.0,N/A,TN
0,0.0,0.0,79,43.2121,-79.8112,2.18,BS_10,18.98,Fully Served,None,0.0,N/A,TN
0,0.0,0.0,80,45.2726,-75.7237,0.14,BS_45,20.0,Fully Served,None,0.0,N/A,TN
0,0.0,0.0,81,46.6996,-81.0213,0.33,BS_678,100.0,Fully Served,None,0.0,N/A,TN
0,0.0,0.0,82,45.2334,-75.7939,0.49,BS_44,20.0,Fully Served,None,0.0,N/A,TN
0,0.0,0.0,83,43.1664,-80.0755,0.65,BS_583,19.91,Fully Served,None,0.0,N/A,TN
0,0.0,0.0,84,45.3226,-75.8736,0.11,BS_39,19.62,Fully Served,None,0.0,N/A,TN
0,0.0,0.0,85,45.3097,-75.5046,0.86,BS_194,99.1,Fully Served,None,0.0,N/A,TN
0,0.0,0.0,86,43.2788,-79.9164,0.17,BS_146,18.42,Fully Served,None,0.0,N/A,TN
0,0.0,0.0,87,45.2545,-76.0129,0.66,BS_458,20.0,Fully Served,None,0.0,N/A,TN
0,0.0,0.0,88,42.9842,-81.2514,0.88,BS_709,19.51,Fully Served,None,0.0,N/A,TN
0,0.0,0.0,89,43.7262,-79.3719,0.52,BS_479,18.84,Fully Served,None,0.0,N/A,TN
0,0.0,0.0,90,42.8767,-81.2594,2.18,BS_718,19.14,Fully Served,None,0.0,N/A,TN
0,0.0,0.0,91,42.8669,-79.7299,0.18,BS_379,100.0,Fully Served,None,0.0,N/A,TN
0,0.0,0.0,92,42.9963,-81.4178,0.31,BS_59,20.0,Fully Served,None,0.0,N/A,TN
0,0.0,0.0,94,43.3613,-79.8251,0.73,BS_516,19.71,Fully Served,None,0.0,N/A,TN
0,0.0,0.0,95,43.8279,-79.2722,0.31,BS_740,19.88,Fully Served,None,0.0,N/A,TN
0,0.0,0.0,96,43.6922,-79.5188,0.75,BS_162,18.96,Fully Served,None,0.0,N/A,TN
0,0.0,0.0,97,43.2168,-79.9115,3.94,BS_155,19.42,Fully Served,None,0.0,N/A,TN
0,0.0,0.0,98,44.3633,-76.3798,0.42,BS_80,100.0,Fully Served,None,0.0,N/A,TN
0,0.0,0.0,99,43.8295,-79.4715,0.3,BS_404,19.78,Fully Served,None,0.0,N/A,TN
0,0.0,0.0,100,44.489,-76.5499,3.78,BS_220,20.0,Fully Served,None,0.0,N/A,TN
0,0.0,0.0,101,43.4036,-79.7811,0.88,BS_506,19.94,Fully Served,None,0.0,N/A,TN
0,0.0,0.0,102,43.722,-79.5848,1.0,BS_651,19.73,Fully Served,None,0.0,N/A,TN
0,0.0,0.0,103,43.6711,-79.6453,0.96,BS_334,19.88,Fully Served,None,0.0,N/A,TN
0,0.0,0.0,105,45.4571,-75.6769,0.96,BS_633,19.32,Fully Served,None,0.0,N/A,TN
0,0.0,0.0,106,42.8956,-80.0215,0.68,BS_289,100.0,Fully Served,None,0.0,N/A,TN
0,0.0,0.0,107,45.4322,-75.4449,0.92,BS_661,20.0,Fully Served,None,0.0,N/A,TN
0,0.0,0.0,108,43.2948,-79.9828,3.14,BS_150,20.0,Fully Served,None,0.0,N/A,TN
0,0.0,0.0,109,45.3096,-75.6594,4.41,BS_196,19.81,Fully Served,None,0.0,N/A,TN
0,0.0,0.0,110,43.099,-79.699,0.88,BS_323,19.57,Fully Served,None,0.0,N/A,TN
0,0.0,0.0,111,43.5912,-79.5184,0.82,BS_348,100.0,Fully Served,None,0.0,N/A,TN
0,0.0,0.0,112,43.7271,-79.3531,4.3,BS_479,20.0,Fully Served,None,0.0,N/A,TN
0,0.0,0.0,113,45.4411,-75.5249,0.98,BS_279,19.99,Fully Served,None,0.0,N/A,TN
0,0.0,0.0,114,44.2942,-76.3551,0.93,BS_600,19.93,Fully Served,None,0.0,N/A,TN
0,0.0,0.0,115,43.2294,-79.7271,0.74,BS_2,19.92,Fully Served,None,0.0,N/A,TN
0,0.0,0.0,116,43.3136,-79.8485,0.82,BS_112,20.0,Fully Served,None,0.0,N/A,TN
0,0.0,0.0,117,46.457,-81.3202,0.13,None,0.0,No 5G Tower in Geographic Range,Sat_STARLINK-SHELL-2-066-003,300.0,Fully Served,LEO
0,0.0,0.0,118,43.6036,-79.4928,3.72,BS_173,100.0,Fully Served,None,0.0,N/A,TN
0,0.0,0.0,119,44.5152,-76.4991,2.4,BS_69,19.96,Fully Served,None,0.0,N/A,TN
0,0.0,0.0,120,43.6717,-79.4722,0.38,BS_168,19.15,Fully Served,None,0.0,N/A,TN
0,0.0,0.0,121,46.674,-80.8364,0.72,BS_674,19.9,Fully Served,None,0.0,N/A,TN
0,0.0,0.0,122,43.1677,-79.8561,0.12,BS_5,19.24,Fully Served,None,0.0,N/A,TN
0,0.0,0.0,124,44.2139,-76.4228,0.54,BS_594,19.93,Fully Served,None,0.0,N/A,TN
0,0.0,0.0,125,45.4255,-75.6138,0.71,BS_642,19.62,Fully Served,None,0.0,N/A,TN
0,0.0,0.0,126,44.2762,-76.5487,0.16,BS_263,19.96,Fully Served,None,0.0,N/A,TN
0,0.0,0.0,127,43.0161,-81.613,0.7,BS_457,100.0,Fully Served,None,0.0,N/A,TN
0,0.0,0.0,128,44.2076,-76.3434,0.74,BS_597,19.91,Fully Served,None,0.0,N/A,TN
0,0.0,0.0,129,45.3913,-75.7723,0.17,BS_630,19.75,Fully Served,None,0.0,N/A,TN
0,0.0,0.0,130,43.1527,-79.8416,0.47,BS_1,19.73,Fully Served,None,0.0,N/A,TN
0,0.0,0.0,131,45.3708,-75.6667,2.01,BS_634,19.29,Fully Served,None,0.0,N/A,TN
0,0.0,0.0,132,43.2291,-79.9375,3.5,BS_149,19.74,Fully Served,None,0.0,N/A,TN
0,0.0,0.0,133,42.7469,-81.1273,0.14,BS_215,20.0,Fully Served,None,0.0,N/A,TN
0,0.0,0.0,134,43.6561,-79.5303,0.89,BS_342,18.73,Fully Served,None,0.0,N/A,TN
0,0.0,0.0,135,43.3785,-80.2327,0.31,None,0.0,No 5G Tower in Geographic Range,Sat_STARLINK-SHELL-2-048-007,300.0,Fully Served,LEO
0,0.0,0.0,137,43.6345,-79.6265,0.63,BS_341,19.92,Fully Served,None,0.0,N/A,TN
0,0.0,0.0,138,45.3207,-75.7797,0.13,BS_41,19.73,Fully Served,None,0.0,N/A,TN
0,0.0,0.0,139,45.1789,-75.6623,0.78,BS_692,20.0,Fully Served,None,0.0,N/A,TN
0,0.0,0.0,140,43.6199,-79.5648,0.34,BS_343,19.76,Fully Served,None,0.0,N/A,TN
0,0.0,0.0,141,43.1306,-79.8192,0.58,BS_1,18.29,Fully Served,None,0.0,N/A,TN
0,0.0,0.0,142,43.4568,-80.0567,0.43,BS_362,20.0,Fully Served,None,0.0,N/A,TN
0,0.0,0.0,143,46.259,-80.7125,0.66,BS_491,100.0,Fully Served,None,0.0,N/A,TN
0,0.0,0.0,144,43.1674,-80.0239,2.62,BS_569,19.69,Fully Served,None,0.0,N/A,TN
0,0.0,0.0,145,43.8326,-79.2569,3.27,BS_740,19.84,Fully Served,None,0.0,N/A,TN
0,0.0,0.0,146,43.9203,-79.3225,0.16,BS_100,100.0,Fully Served,None,0.0,N/A,TN
0,0.0,0.0,147,42.9224,-81.2125,0.66,BS_711,19.63,Fully Served,None,0.0,N/A,TN
0,0.0,0.0,148,44.4372,-76.4513,0.58,BS_79,19.89,Fully Served,None,0.0,N/A,TN
0,0.0,0.0,149,44.9234,-75.708,0.16,None,0.0,No 5G Tower in Geographic Range,Sat_STARLINK-SHELL-1-067-003,300.0,Fully Served,LEO
0,0.0,0.0,150,42.7031,-81.3894,0.49,BS_615,20.0,Fully Served,None,0.0,N/A,TN
0,0.0,0.0,151,43.4071,-79.6946,0.31,BS_508,19.5,Fully Served,None,0.0,N/A,TN
0,0.0,0.0,153,43.163,-79.8341,4.52,BS_1,19.12,Fully Served,None,0.0,N/A,TN
0,0.0,0.0,154,45.4656,-75.5818,0.62,BS_267,19.46,Fully Served,None,0.0,N/A,TN
0,0.0,0.0,155,45.3164,-75.6894,0.95,BS_639,19.95,Fully Served,None,0.0,N/A,TN
0,0.0,0.0,156,46.6497,-81.331,0.44,None,0.0,No 5G Tower in Geographic Range,Sat_STARLINK-SHELL-2-066-003,299.69,Fully Served,LEO
0,0.0,0.0,157,43.7964,-79.2422,0.41,BS_733,19.83,Fully Served,None,0.0,N/A,TN
0,0.0,0.0,158,43.6659,-79.6091,0.47,BS_345,19.85,Fully Served,None,0.0,N/A,TN
0,0.0,0.0,159,43.0121,-80.152,0.79,BS_284,19.94,Fully Served,None,0.0,N/A,TN
0,0.0,0.0,160,43.0855,-79.7443,0.15,BS_319,19.99,Fully Served,None,0.0,N/A,TN
0,0.0,0.0,161,42.9736,-81.2413,0.18,BS_709,19.53,Fully Served,None,0.0,N/A,TN
0,0.0,0.0,162,45.3758,-75.4881,3.68,BS_275,20.0,Fully Served,None,0.0,N/A,TN
0,0.0,0.0,163,43.1025,-81.1567,0.4,BS_236,19.49,Fully Served,None,0.0,N/A,TN
0,0.0,0.0,164,45.3255,-75.8412,0.45,BS_34,19.59,Fully Served,None,0.0,N/A,TN
0,0.0,0.0,165,43.1189,-81.4176,0.96,BS_63,19.89,Fully Served,None,0.0,N/A,TN
0,0.0,0.0,166,45.351,-75.7,0.32,BS_632,19.52,Fully Served,None,0.0,N/A,TN
0,0.0,0.0,167,44.1556,-76.3984,0.35,BS_596,20.0,Fully Served,None,0.0,N/A,TN
0,0.0,0.0,168,42.7082,-81.1539,0.46,BS_198,19.72,Fully Served,None,0.0,N/A,TN
0,0.0,0.0,169,43.8346,-79.1272,0.15,BS_728,20.0,Fully Served,None,0.0,N/A,TN
0,0.0,0.0,170,44.4933,-76.254,0.34,BS_78,20.0,Fully Served,None,0.0,N/A,TN
0,0.0,0.0,172,43.6235,-79.6123,0.37,BS_337,19.71,Fully Served,None,0.0,N/A,TN
0,0.0,0.0,173,42.9231,-81.2002,0.91,BS_711,19.56,Fully Served,None,0.0,N/A,TN
0,0.0,0.0,174,43.2379,-79.995,0.88,BS_144,19.94,Fully Served,None,0.0,N/A,TN
0,0.0,0.0,175,43.2082,-79.7432,0.11,BS_2,19.73,Fully Served,None,0.0,N/A,TN
0,0.0,0.0,177,45.5002,-75.5057,0.41,BS_278,20.0,Fully Served,None,0.0,N/A,TN
0,0.0,0.0,178,42.8746,-81.4307,0.19,BS_626,20.0,Fully Served,None,0.0,N/A,TN
0,0.0,0.0,179,43.1678,-79.9064,0.48,BS_152,20.0,Fully Served,None,0.0,N/A,TN
0,0.0,0.0,180,46.5028,-81.4587,0.63,None,0.0,No 5G Tower in Geographic Range,Sat_STARLINK-SHELL-2-066-003,299.78,Fully Served,LEO
0,0.0,0.0,181,45.3795,-75.6009,0.49,BS_280,19.25,Fully Served,None,0.0,N/A,TN
0,0.0,0.0,182,43.6723,-79.4819,0.32,BS_168,19.79,Fully Served,None,0.0,N/A,TN
0,0.0,0.0,184,42.8183,-81.3455,0.1,BS_618,19.56,Fully Served,None,0.0,N/A,TN
0,0.0,0.0,185,46.5404,-80.7164,0.11,BS_402,20.0,Fully Served,None,0.0,N/A,TN
0,0.0,0.0,186,43.2175,-79.9645,0.58,BS_154,19.19,Fully Served,None,0.0,N/A,TN
0,0.0,0.0,187,43.303,-79.9084,4.75,BS_118,19.2,Fully Served,None,0.0,N/A,TN
0,0.0,0.0,188,44.3282,-76.561,0.66,BS_256,18.58,Fully Served,None,0.0,N/A,TN
0,0.0,0.0,189,46.4758,-80.9471,0.54,BS_297,19.6,Fully Served,None,0.0,N/A,TN
0,0.0,0.0,190,46.632,-80.972,0.78,BS_300,19.73,Fully Served,None,0.0,N/A,TN
0,0.0,0.0,192,43.7237,-79.4337,3.26,BS_167,19.47,Fully Served,None,0.0,N/A,TN
0,0.0,0.0,193,46.2299,-80.9589,0.49,BS_489,20.0,Fully Served,None,0.0,N/A,TN
0,0.0,0.0,194,43.8607,-79.3367,0.41,BS_92,19.88,Fully Served,None,0.0,N/A,TN
0,0.0,0.0,195,43.8852,-79.5089,0.14,BS_418,20.0,Fully Served,None,0.0,N/A,TN
0,0.0,0.0,196,42.9235,-81.2809,2.47,BS_717,20.0,Fully Served,None,0.0,N/A,TN
0,0.0,0.0,197,44.3295,-76.5986,0.91,BS_216,19.95,Fully Served,None,0.0,N/A,TN
0,0.0,0.0,198,45.3097,-75.5818,0.46,BS_180,19.36,Fully Served,None,0.0,N/A,TN
0,0.0,0.0,200,43.134,-79.8699,0.13,None,0.0,No 5G Tower in Geographic Range,Sat_STARLINK-SHELL-2-048-007,299.87,Fully Served,LEO
0,0.0,0.0,201,43.3405,-79.8253,0.77,BS_509,19.93,Fully Served,None,0.0,N/A,TN
0,0.0,0.0,202,43.4248,-80.0568,0.54,BS_368,100.0,Fully Served,None,0.0,N/A,TN
0,0.0,0.0,203,42.8426,-81.0467,0.31,BS_549,19.99,Fully Served,None,0.0,N/A,TN
0,0.0,0.0,204,46.7028,-81.3832,4.99,None,0.0,No 5G Tower in Geographic Range,Sat_STARLINK-SHELL-2-066-003,300.0,Fully Served,LEO
0,0.0,0.0,205,42.8612,-81.3099,0.39,BS_714,20.0,Fully Served,None,0.0,N/A,TN
0,0.0,0.0,206,43.17,-79.9705,0.19,BS_147,19.73,Fully Served,None,0.0,N/A,TN
0,0.0,0.0,207,43.8156,-79.3087,0.11,BS_95,19.21,Fully Served,None,0.0,N/A,TN
0,0.0,0.0,208,42.6762,-81.1287,2.06,BS_198,19.93,Fully Served,None,0.0,N/A,TN
0,0.0,0.0,209,43.7142,-79.3684,0.34,BS_166,19.97,Fully Served,None,0.0,N/A,TN
0,0.0,0.0,210,45.3136,-75.397,0.34,BS_560,19.43,Fully Served,None,0.0,N/A,TN
0,0.0,0.0,211,43.3048,-81.0714,3.73,BS_524,20.0,Fully Served,None,0.0,N/A,TN
0,0.0,0.0,213,43.3523,-79.8511,0.64,BS_104,19.92,Fully Served,None,0.0,N/A,TN
0,0.0,0.0,214,43.7761,-79.3488,0.45,BS_93,19.64,Fully Served,None,0.0,N/A,TN
0,0.0,0.0,215,45.4278,-75.6035,0.45,BS_276,19.57,Fully Served,None,0.0,N/A,TN
0,0.0,0.0,217,46.8056,-80.9205,0.19,BS_683,19.9,Fully Served,None,0.0,N/A,TN
0,0.0,0.0,219,45.4366,-75.6139,0.52,BS_276,19.62,Fully Served,None,0.0,N/A,TN
0,0.0,0.0,220,46.565,-81.09,0.81,BS_12,19.96,Fully Served,None,0.0,N/A,TN
0,0.0,0.0,221,45.0885,-75.5244,1.0,BS_689,20.0,Fully Served,None,0.0,N/A,TN
0,0.0,0.0,222,47.8968,-80.4282,0.72,None,0.0,No 5G Tower in Geographic Range,Sat_STARLINK-SHELL-1-052-006,300.0,Fully Served,LEO
0,0.0,0.0,223,43.1865,-81.203,0.73,BS_242,20.0,Fully Served,None,0.0,N/A,TN
0,0.0,0.0,224,42.9215,-79.6908,0.93,BS_320,20.0,Fully Served,None,0.0,N/A,TN
0,0.0,0.0,225,44.3903,-76.3994,2.06,BS_90,20.0,Fully Served,None,0.0,N/A,TN
0,0.0,0.0,226,44.5375,-76.4899,0.83,BS_69,19.73,Fully Served,None,0.0,N/A,TN
0,0.0,0.0,227,46.6407,-81.1151,0.78,BS_13,20.0,Fully Served,None,0.0,N/A,TN
0,0.0,0.0,228,42.9048,-81.4627,0.44,BS_62,19.56,Fully Served,None,0.0,N/A,TN
0,0.0,0.0,229,45.4588,-75.6581,0.9,BS_637,19.94,Fully Served,None,0.0,N/A,TN
0,0.0,0.0,230,43.6307,-79.3289,0.83,BS_177,19.96,Fully Served,None,0.0,N/A,TN
0,0.0,0.0,231,43.3528,-81.2103,0.88,BS_437,100.0,Fully Served,None,0.0,N/A,TN
0,0.0,0.0,232,43.6609,-79.3519,0.49,BS_161,18.91,Fully Served,None,0.0,N/A,TN
0,0.0,0.0,233,45.2148,-75.878,0.61,BS_46,20.0,Fully Served,None,0.0,N/A,TN
0,0.0,0.0,234,43.7245,-79.2195,0.62,BS_480,19.63,Fully Served,None,0.0,N/A,TN
0,0.0,0.0,235,43.5944,-79.5822,0.3,BS_338,19.84,Fully Served,None,0.0,N/A,TN
0,0.0,0.0,236,42.964,-81.3181,3.03,BS_724,19.48,Fully Served,None,0.0,N/A,TN
0,0.0,0.0,237,44.2733,-76.5744,0.31,BS_251,18.67,Fully Served,None,0.0,N/A,TN
0,0.0,0.0,238,45.1453,-75.8743,4.72,BS_40,20.0,Fully Served,None,0.0,N/A,TN
0,0.0,0.0,239,44.2312,-76.5388,0.96,BS_264,18.39,Fully Served,None,0.0,N/A,TN
0,0.0,0.0,240,43.0986,-81.0549,0.12,BS_523,19.74,Fully Served,None,0.0,N/A,TN
0,0.0,0.0,242,44.2718,-76.3607,2.21,BS_614,19.93,Fully Served,None,0.0,N/A,TN
0,0.0,0.0,243,43.4913,-79.7458,0.88,BS_512,20.0,Fully Served,None,0.0,N/A,TN
0,0.0,0.0,244,45.4679,-75.442,3.67,BS_668,19.68,Fully Served,None,0.0,N/A,TN
0,0.0,0.0,245,45.0906,-75.7143,3.71,BS_690,19.4,Fully Served,None,0.0,N/A,TN
0,0.0,0.0,246,43.8014,-79.5067,0.45,BS_650,19.89,Fully Served,None,0.0,N/A,TN
0,0.0,0.0,247,43.794,-79.3106,0.41,BS_473,19.51,Fully Served,None,0.0,N/A,TN
0,0.0,0.0,249,43.1904,-80.0353,0.98,BS_587,19.65,Fully Served,None,0.0,N/A,TN
0,0.0,0.0,250,42.9978,-79.9321,0.54,BS_374,20.0,Fully Served,None,0.0,N/A,TN
0,0.0,0.0,251,46.8486,-80.9534,0.64,BS_677,100.0,Fully Served,None,0.0,N/A,TN
0,0.0,0.0,252,43.8266,-79.4119,0.6,BS_94,19.83,Fully Served,None,0.0,N/A,TN
0,0.0,0.0,253,43.0257,-81.1023,0.5,None,0.0,No 5G Tower in Geographic Range,Sat_STARLINK-SHELL-2-048-007,300.0,Fully Served,LEO
0,0.0,0.0,254,43.1089,-79.8648,0.19,BS_383,19.98,Fully Served,None,0.0,N/A,TN
0,0.0,0.0,255,45.244,-75.7057,2.63,BS_38,20.0,Fully Served,None,0.0,N/A,TN
0,0.0,0.0,256,43.8467,-79.4136,2.26,BS_94,20.0,Fully Served,None,0.0,N/A,TN
0,0.0,0.0,257,42.9706,-81.2135,3.31,BS_725,19.99,Fully Served,None,0.0,N/A,TN
0,0.0,0.0,258,45.2293,-75.7048,0.58,BS_38,19.71,Fully Served,None,0.0,N/A,TN
0,0.0,0.0,259,45.3149,-75.4444,0.31,BS_658,20.0,Fully Served,None,0.0,N/A,TN
0,0.0,0.0,260,44.309,-76.5616,0.34,BS_263,20.0,Fully Served,None,0.0,N/A,TN
0,0.0,0.0,261,46.2906,-81.0192,3.38,BS_121,20.0,Fully Served,None,0.0,N/A,TN
0,0.0,0.0,262,45.2237,-75.3998,0.16,BS_563,19.99,Fully Served,None,0.0,N/A,TN
0,0.0,0.0,263,45.3186,-75.9257,2.17,BS_462,20.0,Fully Served,None,0.0,N/A,TN
0,0.0,0.0,264,43.9333,-79.456,1.0,BS_408,19.87,Fully Served,None,0.0,N/A,TN
0,0.0,0.0,266,45.3315,-75.5852,0.65,BS_189,19.78,Fully Served,None,0.0,N/A,TN
0,0.0,0.0,267,42.8664,-81.2857,0.58,BS_712,19.94,Fully Served,None,0.0,N/A,TN
0,0.0,0.0,268,45.3302,-75.835,3.24,BS_34,19.44,Fully Served,None,0.0,N/A,TN
0,0.0,0.0,269,43.2893,-79.9615,0.13,BS_150,19.6,Fully Served,None,0.0,N/A,TN
0,0.0,0.0,270,43.0917,-79.8511,0.47,BS_381,19.81,Fully Served,None,0.0,N/A,TN
0,0.0,0.0,271,46.3194,-81.1439,0.85,BS_126,19.9,Fully Served,None,0.0,N/A,TN
0,0.0,0.0,272,43.1206,-81.3384,0.61,BS_65,19.32,Fully Served,None,0.0,N/A,TN
0,0.0,0.0,273,43.6429,-79.6173,0.43,BS_341,19.84,Fully Served,None,0.0,N/A,TN
0,0.0,0.0,274,43.2247,-79.8621,0.41,BS_11,19.77,Fully Served,None,0.0,N/A,TN
0,0.0,0.0,275,43.2736,-79.8436,0.35,BS_7,19.09,Fully Served,None,0.0,N/A,TN
0,0.0,0.0,276,46.6583,-80.9545,0.38,BS_676,100.0,Fully Served,None,0.0,N/A,TN
0,0.0,0.0,277,44.4296,-76.2918,0.14,BS_89,20.0,Fully Served,None,0.0,N/A,TN
0,0.0,0.0,278,43.1974,-80.2028,0.78,BS_579,99.86,Fully Served,None,0.0,N/A,TN
0,0.0,0.0,279,42.936,-79.9895,3.35,None,0.0,No 5G Tower in Geographic Range,Sat_STARLINK-SHELL-2-048-007,300.0,Fully Served,LEO
0,0.0,0.0,280,45.2883,-75.675,0.71,BS_192,19.69,Fully Served,None,0.0,N/A,TN
0,0.0,0.0,281,43.7775,-79.3173,3.89,BS_477,19.47,Fully Served,None,0.0,N/A,TN
0,0.0,0.0,282,42.8999,-81.3481,0.94,BS_721,19.89,Fully Served,None,0.0,N/A,TN
0,0.0,0.0,283,43.4403,-80.7304,0.61,None,0.0,No 5G Tower in Geographic Range,Sat_STARLINK-SHELL-2-048-007,300.0,Fully Served,LEO
0,0.0,0.0,284,43.2426,-79.7966,4.03,BS_9,18.96,Fully Served,None,0.0,N/A,TN
0,0.0,0.0,285,43.5459,-79.8077,0.74,BS_748,20.0,Fully Served,None,0.0,N/A,TN
0,0.0,0.0,286,42.9472,-81.1351,0.6,BS_539,19.99,Fully Served,None,0.0,N/A,TN
0,0.0,0.0,287,44.439,-76.3641,0.8,BS_71,100.0,Fully Served,None,0.0,N/A,TN
0,0.0,0.0,290,43.7319,-79.7057,3.43,BS_652,100.0,Fully Served,None,0.0,N/A,TN
0,0.0,0.0,292,43.3285,-80.053,1.0,BS_350,19.92,Fully Served,None,0.0,N/A,TN
0,0.0,0.0,293,43.2258,-80.0762,0.94,BS_589,20.0,Fully Served,None,0.0,N/A,TN
0,0.0,0.0,295,46.7107,-81.1149,0.45,BS_26,20.0,Fully Served,None,0.0,N/A,TN
0,0.0,0.0,296,46.2993,-81.1971,0.14,BS_129,19.95,Fully Served,None,0.0,N/A,TN
0,0.0,0.0,297,46.7016,-81.0765,0.93,BS_26,19.52,Fully Served,None,0.0,N/A,TN
0,0.0,0.0,298,43.6556,-79.421,4.0,BS_170,19.4,Fully Served,None,0.0,N/A,TN
0,0.0,0.0,299,43.0008,-81.4129,0.36,BS_59,19.98,Fully Served,None,0.0,N/A,TN
0,0.0,0.0,300,43.0792,-81.4397,0.8,BS_51,19.6,Fully Served,None,0.0,N/A,TN
0,0.0,0.0,301,46.5868,-81.0071,0.58,BS_306,20.0,Fully Served,None,0.0,N/A,TN
0,0.0,0.0,302,43.3602,-79.9598,0.53,BS_106,19.78,Fully Served,None,0.0,N/A,TN
0,0.0,0.0,303,45.4122,-75.7104,0.69,BS_638,19.89,Fully Served,None,0.0,N/A,TN
0,0.0,0.0,304,43.0935,-81.5371,0.82,BS_445,20.0,Fully Served,None,0.0,N/A,TN
0,0.0,0.0,305,43.752,-79.4098,0.49,BS_91,20.0,Fully Served,None,0.0,N/A,TN
0,0.0,0.0,306,42.9876,-81.0265,0.41,BS_548,19.96,Fully Served,None,0.0,N/A,TN
0,0.0,0.0,307,45.3357,-75.6181,0.64,BS_184,20.0,Fully Served,None,0.0,N/A,TN
0,0.0,0.0,309,44.6915,-76.286,0.42,BS_84,100.0,Fully Served,None,0.0,N/A,TN
0,0.0,0.0,310,43.7376,-79.2879,0.4,BS_484,19.96,Fully Served,None,0.0,N/A,TN
0,0.0,0.0,311,42.9212,-81.4027,0.41,BS_55,20.0,Fully Served,None,0.0,N/A,TN
0,0.0,0.0,312,43.1868,-80.0397,3.94,BS_587,20.0,Fully Served,None,0.0,N/A,TN
0,0.0,0.0,313,45.4123,-75.727,0.73,BS_638,19.98,Fully Served,None,0.0,N/A,TN
0,0.0,0.0,314,43.8036,-79.4405,0.17,BS_97,19.98,Fully Served,None,0.0,N/A,TN
0,0.0,0.0,315,45.3216,-75.7254,0.52,BS_639,18.58,Fully Served,None,0.0,N/A,TN
0,0.0,0.0,316,43.0384,-81.5831,0.49,BS_449,19.97,Fully Served,None,0.0,N/A,TN
0,0.0,0.0,318,43.8516,-79.186,3.26,BS_732,19.95,Fully Served,None,0.0,N/A,TN
0,0.0,0.0,319,45.4433,-75.6303,0.1,BS_270,19.92,Fully Served,None,0.0,N/A,TN
0,0.0,0.0,320,43.5778,-79.973,0.82,BS_749,100.0,Fully Served,None,0.0,N/A,TN
0,0.0,0.0,321,46.4878,-81.2802,0.61,BS_17,19.89,Fully Served,None,0.0,N/A,TN
0,0.0,0.0,323,43.3238,-79.8638,0.34,BS_112,19.85,Fully Served,None,0.0,N/A,TN
0,0.0,0.0,324,42.865,-81.2398,4.3,BS_718,19.65,Fully Served,None,0.0,N/A,TN
0,0.0,0.0,325,43.7468,-79.3819,0.6,BS_163,19.66,Fully Served,None,0.0,N/A,TN
0,0.0,0.0,326,43.7365,-79.2741,4.57,BS_484,19.92,Fully Served,None,0.0,N/A,TN
0,0.0,0.0,327,42.8496,-81.2516,0.65,BS_710,19.87,Fully Served,None,0.0,N/A,TN
0,0.0,0.0,328,42.8478,-81.0394,0.16,BS_549,20.0,Fully Served,None,0.0,N/A,TN
0,0.0,0.0,329,43.6828,-79.4469,2.81,BS_164,19.96,Fully Served,None,0.0,N/A,TN
0,0.0,0.0,330,42.703,-81.3143,0.9,BS_629,20.0,Fully Served,None,0.0,N/A,TN
0,0.0,0.0,331,42.9936,-79.6855,3.57,BS_325,19.93,Fully Served,None,0.0,N/A,TN
0,0.0,0.0,332,43.5891,-79.762,0.87,BS_744,20.0,Fully Served,None,0.0,N/A,TN
0,0.0,0.0,333,43.3515,-79.9104,0.36,BS_108,19.15,Fully Served,None,0.0,N/A,TN
0,0.0,0.0,334,45.3581,-75.8008,0.61,BS_43,19.52,Fully Served,None,0.0,N/A,TN
0,0.0,0.0,335,43.8493,-78.99,0.46,None,0.0,No 5G Tower in Geographic Range,Sat_STARLINK-SHELL-1-066-003,299.88,Fully Served,LEO
0,0.0,0.0,336,43.147,-79.6611,0.62,BS_326,19.66,Fully Served,None,0.0,N/A,TN
0,0.0,0.0,337,43.7961,-79.492,0.17,BS_650,19.91,Fully Served,None,0.0,N/A,TN
0,0.0,0.0,338,43.8126,-79.3485,1.0,BS_101,19.19,Fully Served,None,0.0,N/A,TN
0,0.0,0.0,340,43.4175,-80.0067,4.82,BS_352,19.5,Fully Served,None,0.0,N/A,TN
0,0.0,0.0,341,43.6215,-79.6046,0.86,BS_337,20.0,Fully Served,None,0.0,N/A,TN
0,0.0,0.0,342,43.7147,-79.269,0.66,BS_478,19.93,Fully Served,None,0.0,N/A,TN
0,0.0,0.0,343,46.4937,-81.1426,4.72,BS_21,19.47,Fully Served,None,0.0,N/A,TN
0,0.0,0.0,344,43.4504,-79.7067,0.35,BS_514,19.92,Fully Served,None,0.0,N/A,TN
0,0.0,0.0,345,43.2506,-79.7811,0.13,BS_9,19.71,Fully Served,None,0.0,N/A,TN
0,0.0,0.0,346,45.3136,-75.5933,0.63,BS_180,19.55,Fully Served,None,0.0,N/A,TN
0,0.0,0.0,347,43.3532,-79.9619,3.45,BS_106,19.06,Fully Served,None,0.0,N/A,TN
0,0.0,0.0,348,45.4523,-75.575,0.95,BS_267,19.59,Fully Served,None,0.0,N/A,TN
0,0.0,0.0,349,45.464,-75.6526,0.33,BS_637,20.0,Fully Served,None,0.0,N/A,TN
0,0.0,0.0,350,43.4276,-79.7146,3.6,BS_508,19.98,Fully Served,None,0.0,N/A,TN
0,0.0,0.0,351,45.3632,-75.3776,0.13,BS_663,20.0,Fully Served,None,0.0,N/A,TN
0,0.0,0.0,352,43.2159,-79.8913,3.74,BS_155,20.0,Fully Served,None,0.0,N/A,TN
0,0.0,0.0,353,45.3081,-75.7892,0.86,BS_41,19.68,Fully Served,None,0.0,N/A,TN
0,0.0,0.0,354,43.6457,-79.3622,0.14,BS_161,18.24,Fully Served,None,0.0,N/A,TN
0,0.0,0.0,355,43.0365,-81.1602,0.19,BS_235,19.59,Fully Served,None,0.0,N/A,TN
0,0.0,0.0,356,43.2456,-79.7537,0.38,BS_6,19.68,Fully Served,None,0.0,N/A,TN
0,0.0,0.0,357,43.1621,-81.3557,0.64,BS_433,19.27,Fully Served,None,0.0,N/A,TN
0,0.0,0.0,358,43.8187,-79.6414,2.13,BS_647,19.92,Fully Served,None,0.0,N/A,TN
0,0.0,0.0,359,44.3289,-76.225,2.37,BS_606,19.99,Fully Served,None,0.0,N/A,TN
0,0.0,0.0,360,45.4073,-75.6639,0.77,BS_631,19.75,Fully Served,None,0.0,N/A,TN
0,0.0,0.0,361,45.4312,-75.4922,0.52,BS_265,19.84,Fully Served,None,0.0,N/A,TN
0,0.0,0.0,362,44.4368,-76.5907,0.11,BS_227,19.81,Fully Served,None,0.0,N/A,TN
0,0.0,0.0,363,43.4426,-80.4008,0.17,BS_356,100.0,Fully Served,None,0.0,N/A,TN
0,0.0,0.0,364,42.7898,-81.2752,0.66,BS_200,100.0,Fully Served,None,0.0,N/A,TN
0,0.0,0.0,365,43.7785,-79.3203,0.17,BS_477,19.49,Fully Served,None,0.0,N/A,TN
0,0.0,0.0,366,42.7364,-81.3055,0.14,BS_629,19.88,Fully Served,None,0.0,N/A,TN
0,0.0,0.0,367,45.4404,-75.6979,0.32,BS_633,19.22,Fully Served,None,0.0,N/A,TN
0,0.0,0.0,368,43.2673,-79.8784,4.17,BS_146,19.08,Fully Served,None,0.0,N/A,TN
0,0.0,0.0,370,43.0846,-81.3754,0.12,BS_57,20.0,Fully Served,None,0.0,N/A,TN
0,0.0,0.0,371,43.7774,-79.5712,0.96,BS_654,19.68,Fully Served,None,0.0,N/A,TN
0,0.0,0.0,372,43.3292,-79.9678,4.84,BS_115,19.52,Fully Served,None,0.0,N/A,TN
0,0.0,0.0,373,44.6034,-80.9708,0.2,None,0.0,No 5G Tower in Geographic Range,Sat_STARLINK-SHELL-1-066-003,299.81,Fully Served,LEO
0,0.0,0.0,374,45.4036,-75.6848,3.61,BS_641,20.0,Fully Served,None,0.0,N/A,TN
0,0.0,0.0,376,43.046,-79.6858,0.69,BS_330,20.0,Fully Served,None,0.0,N/A,TN
0,0.0,0.0,377,45.4876,-75.539,0.53,BS_269,20.0,Fully Served,None,0.0,N/A,TN
0,0.0,0.0,378,44.1702,-76.4171,0.68,BS_611,19.82,Fully Served,None,0.0,N/A,TN
0,0.0,0.0,379,42.9563,-81.3304,0.69,BS_724,19.95,Fully Served,None,0.0,N/A,TN
0,0.0,0.0,380,42.8898,-81.0751,0.58,BS_558,20.0,Fully Served,None,0.0,N/A,TN
0,0.0,0.0,381,44.2623,-76.4672,0.76,BS_262,19.59,Fully Served,None,0.0,N/A,TN
0,0.0,0.0,382,44.3577,-76.3064,0.15,BS_607,100.0,Fully Served,None,0.0,N/A,TN
0,0.0,0.0,383,43.228,-81.1565,4.12,BS_522,19.25,Fully Served,None,0.0,N/A,TN
0,0.0,0.0,384,43.1208,-81.4335,0.12,BS_63,19.77,Fully Served,None,0.0,N/A,TN
0,0.0,0.0,385,46.6549,-81.0383,0.41,BS_25,19.85,Fully Served,None,0.0,N/A,TN
0,0.0,0.0,386,43.6435,-79.4422,0.61,BS_160,20.0,Fully Served,None,0.0,N/A,TN
0,0.0,0.0,387,42.9255,-81.1218,0.69,BS_552,19.63,Fully Served,None,0.0,N/A,TN
0,0.0,0.0,388,43.2777,-79.8021,0.78,BS_9,19.93,Fully Served,None,0.0,N/A,TN
0,0.0,0.0,390,42.9556,-81.3807,3.63,BS_48,20.0,Fully Served,None,0.0,N/A,TN
0,0.0,0.0,391,42.9283,-81.5308,0.42,BS_451,19.9,Fully Served,None,0.0,N/A,TN
0,0.0,0.0,392,43.1206,-80.0865,0.15,BS_586,19.88,Fully Served,None,0.0,N/A,TN
0,0.0,0.0,393,43.9338,-79.5126,0.3,BS_413,20.0,Fully Served,None,0.0,N/A,TN
0,0.0,0.0,394,46.5115,-80.8793,0.57,BS_299,19.76,Fully Served,None,0.0,N/A,TN
0,0.0,0.0,395,43.1104,-79.6409,3.71,BS_318,19.94,Fully Served,None,0.0,N/A,TN
0,0.0,0.0,397,43.0757,-79.6327,0.33,BS_318,19.53,Fully Served,None,0.0,N/A,TN
0,0.0,0.0,398,42.9105,-81.6826,4.12,BS_448,100.0,Fully Served,None,0.0,N/A,TN
0,0.0,0.0,399,43.9151,-79.5396,0.43,BS_407,19.95,Fully Served,None,0.0,N/A,TN
0,0.0,0.0,400,43.1921,-80.2008,0.75,BS_579,100.0,Fully Served,None,0.0,N/A,TN
0,0.0,0.0,401,44.5353,-76.4363,2.45,BS_76,19.95,Fully Served,None,0.0,N/A,TN
0,0.0,0.0,402,43.7865,-79.4075,3.91,BS_102,20.0,Fully Served,None,0.0,N/A,TN
0,0.0,0.0,403,43.1369,-80.0059,0.38,BS_584,20.0,Fully Served,None,0.0,N/A,TN
0,0.0,0.0,404,43.1273,-79.5394,3.5,BS_317,20.0,Fully Served,None,0.0,N/A,TN
0,0.0,0.0,405,46.3511,-81.0271,0.32,BS_130,100.0,Fully Served,None,0.0,N/A,TN
0,0.0,0.0,406,44.067,-79.5357,0.48,BS_411,100.0,Fully Served,None,0.0,N/A,TN
0,0.0,0.0,407,44.3236,-76.7038,0.56,BS_226,19.86,Fully Served,None,0.0,N/A,TN
0,0.0,0.0,408,43.9052,-79.3854,0.65,BS_96,19.57,Fully Served,None,0.0,N/A,TN
0,0.0,0.0,409,43.6675,-79.5728,0.74,BS_335,19.9,Fully Served,None,0.0,N/A,TN
0,0.0,0.0,410,44.3406,-76.5959,0.98,BS_216,19.85,Fully Served,None,0.0,N/A,TN
0,0.0,0.0,412,43.0278,-80.0709,0.14,BS_292,19.95,Fully Served,None,0.0,N/A,TN
0,0.0,0.0,413,42.8651,-81.3192,0.96,BS_720,19.95,Fully Served,None,0.0,N/A,TN
0,0.0,0.0,414,43.7486,-79.4009,0.77,BS_91,18.81,Fully Served,None,0.0,N/A,TN
0,0.0,0.0,415,42.9856,-81.2972,0.66,BS_713,19.85,Fully Served,None,0.0,N/A,TN
0,0.0,0.0,416,43.1171,-79.9199,0.67,BS_390,100.0,Fully Served,None,0.0,N/A,TN
0,0.0,0.0,417,43.0609,-81.0666,0.15,BS_241,20.0,Fully Served,None,0.0,N/A,TN
0,0.0,0.0,419,43.6718,-79.4856,0.82,BS_168,19.97,Fully Served,None,0.0,N/A,TN
0,0.0,0.0,420,44.3643,-76.7511,3.33,BS_218,19.61,Fully Served,None,0.0,N/A,TN
0,0.0,0.0,421,44.4611,-76.3017,0.17,BS_77,100.0,Fully Served,None,0.0,N/A,TN
0,0.0,0.0,422,42.9874,-79.8966,0.13,BS_385,20.0,Fully Served,None,0.0,N/A,TN
0,0.0,0.0,423,43.1928,-81.3008,0.96,BS_428,19.86,Fully Served,None,0.0,N/A,TN
0,0.0,0.0,424,43.6095,-79.6115,0.84,BS_337,19.9,Fully Served,None,0.0,N/A,TN
0,0.0,0.0,425,45.5055,-75.4619,0.42,BS_659,19.97,Fully Served,None,0.0,N/A,TN
0,0.0,0.0,426,43.7523,-79.2356,0.62,BS_480,19.8,Fully Served,None,0.0,N/A,TN
0,0.0,0.0,427,43.6592,-79.6234,0.61,BS_345,20.0,Fully Served,None,0.0,N/A,TN
0,0.0,0.0,428,46.3759,-81.069,0.13,BS_134,20.0,Fully Served,None,0.0,N/A,TN
0,0.0,0.0,429,43.0131,-79.9587,0.76,BS_388,19.65,Fully Served,None,0.0,N/A,TN
0,0.0,0.0,430,46.5247,-81.0228,2.81,BS_298,100.0,Fully Served,None,0.0,N/A,TN
0,0.0,0.0,431,45.232,-75.7222,4.12,BS_38,19.65,Fully Served,None,0.0,N/A,TN
0,0.0,0.0,432,43.777,-79.351,0.43,BS_99,19.22,Fully Served,None,0.0,N/A,TN
0,0.0,0.0,433,43.4651,-79.8273,0.53,BS_510,19.91,Fully Served,None,0.0,N/A,TN
0,0.0,0.0,434,43.8647,-79.306,2.51,None,0.0,No 5G Tower in Geographic Range,Sat_STARLINK-SHELL-1-066-003,300.0,Fully Served,LEO
0,0.0,0.0,436,43.7808,-79.3314,0.94,BS_477,19.6,Fully Served,None,0.0,N/A,TN
0,0.0,0.0,437,45.0674,-75.4391,0.36,BS_567,100.0,Fully Served,None,0.0,N/A,TN
0,0.0,0.0,438,44.0969,-79.3967,0.8,BS_419,100.0,Fully Served,None,0.0,N/A,TN
0,0.0,0.0,439,43.7079,-79.5565,0.71,BS_651,19.93,Fully Served,None,0.0,N/A,TN
0,0.0,0.0,440,43.2638,-79.7986,0.7,BS_9,20.0,Fully Served,None,0.0,N/A,TN
0,0.0,0.0,441,43.7696,-79.2784,0.77,BS_482,19.61,Fully Served,None,0.0,N/A,TN
0,0.0,0.0,442,43.677,-79.5022,0.59,BS_169,19.99,Fully Served,None,0.0,N/A,TN
0,0.0,0.0,444,42.9262,-81.2095,0.42,BS_711,18.86,Fully Served,None,0.0,N/A,TN
0,0.0,0.0,445,46.6,-81.1186,0.4,BS_27,20.0,Fully Served,None,0.0,N/A,TN
0,0.0,0.0,446,43.1326,-79.742,1.0,BS_333,19.78,Fully Served,None,0.0,N/A,TN
0,0.0,0.0,447,45.3648,-75.5846,0.53,BS_280,19.94,Fully Served,None,0.0,N/A,TN
0,0.0,0.0,448,43.2064,-79.9274,0.12,BS_145,19.82,Fully Served,None,0.0,N/A,TN
0,0.0,0.0,449,43.1751,-79.8792,0.87,BS_5,19.6,Fully Served,None,0.0,N/A,TN
0,0.0,0.0,450,45.3073,-75.6692,3.1,BS_635,18.92,Fully Served,None,0.0,N/A,TN
0,0.0,0.0,451,44.5373,-76.7338,0.33,BS_224,100.0,Fully Served,None,0.0,N/A,TN
0,0.0,0.0,452,43.1454,-79.8336,3.17,BS_1,20.0,Fully Served,None,0.0,N/A,TN
0,0.0,0.0,453,43.2002,-80.0818,0.9,BS_583,19.84,Fully Served,None,0.0,N/A,TN
0,0.0,0.0,454,43.211,-79.8657,0.56,BS_11,19.91,Fully Served,None,0.0,N/A,TN
0,0.0,0.0,455,43.2796,-81.3973,0.51,BS_438,19.44,Fully Served,None,0.0,N/A,TN
0,0.0,0.0,456,43.4145,-80.172,0.2,BS_353,19.94,Fully Served,None,0.0,N/A,TN
0,0.0,0.0,458,43.0684,-81.6478,0.82,BS_453,100.0,Fully Served,None,0.0,N/A,TN
0,0.0,0.0,459,43.9347,-79.3971,0.91,BS_414,100.0,Fully Served,None,0.0,N/A,TN
0,0.0,0.0,460,42.9402,-79.5518,0.63,BS_324,100.0,Fully Served,None,0.0,N/A,TN
0,0.0,0.0,461,42.7168,-81.4132,0.59,BS_615,19.84,Fully Served,None,0.0,N/A,TN
0,0.0,0.0,462,43.3713,-79.8991,0.84,BS_119,19.13,Fully Served,None,0.0,N/A,TN
0,0.0,0.0,463,43.7548,-79.4744,0.3,BS_176,19.9,Fully Served,None,0.0,N/A,TN
0,0.0,0.0,464,44.2667,-76.5525,4.04,BS_264,19.05,Fully Served,None,0.0,N/A,TN
0,0.0,0.0,465,44.2574,-76.6151,0.49,BS_251,19.84,Fully Served,None,0.0,N/A,TN
0,0.0,0.0,466,43.0869,-79.6825,0.79,BS_323,19.46,Fully Served,None,0.0,N/A,TN
0,0.0,0.0,467,45.3525,-75.8034,0.67,BS_43,19.46,Fully Served,None,0.0,N/A,TN
0,0.0,0.0,468,46.4217,-80.9733,4.2,BS_314,20.0,Fully Served,None,0.0,N/A,TN
0,0.0,0.0,469,43.3429,-79.8565,4.63,BS_104,19.5,Fully Served,None,0.0,N/A,TN
0,0.0,0.0,470,45.0152,-75.3268,0.37,None,0.0,No 5G Tower in Geographic Range,Sat_STARLINK-SHELL-1-067-003,300.0,Fully Served,LEO
0,0.0,0.0,471,42.7871,-81.3258,0.98,BS_620,20.0,Fully Served,None,0.0,N/A,TN
0,0.0,0.0,472,43.0372,-81.0452,0.43,BS_538,20.0,Fully Served,None,0.0,N/A,TN
0,0.0,0.0,473,44.3308,-76.7473,0.67,BS_218,19.23,Fully Served,None,0.0,N/A,TN
0,0.0,0.0,474,43.647,-79.4172,0.32,BS_170,19.93,Fully Served,None,0.0,N/A,TN
0,0.0,0.0,475,43.3192,-80.0087,0.38,BS_357,19.87,Fully Served,None,0.0,N/A,TN
0,0.0,0.0,476,44.5613,-76.2941,0.97,BS_85,100.0,Fully Served,None,0.0,N/A,TN
0,0.0,0.0,477,45.3291,-75.6948,4.15,BS_639,19.43,Fully Served,None,0.0,N/A,TN
0,0.0,0.0,478,43.1848,-81.2585,4.78,BS_436,20.0,Fully Served,None,0.0,N/A,TN
0,0.0,0.0,480,43.2223,-79.7725,0.36,BS_6,19.64,Fully Served,None,0.0,N/A,TN
0,0.0,0.0,481,45.4558,-75.4223,0.53,BS_668,19.27,Fully Served,None,0.0,N/A,TN
0,0.0,0.0,482,43.0625,-79.8142,0.54,BS_387,19.67,Fully Served,None,0.0,N/A,TN
0,0.0,0.0,483,44.4271,-76.4923,0.37,BS_75,19.95,Fully Served,None,0.0,N/A,TN
0,0.0,0.0,484,43.1962,-80.0537,0.85,BS_587,19.52,Fully Served,None,0.0,N/A,TN
0,0.0,0.0,485,42.8228,-81.1223,2.32,BS_203,19.85,Fully Served,None,0.0,N/A,TN
0,0.0,0.0,486,44.2107,-76.5664,0.15,BS_254,19.46,Fully Served,None,0.0,N/A,TN
0,0.0,0.0,487,43.1289,-79.9287,0.77,BS_148,20.0,Fully Served,None,0.0,N/A,TN
0,0.0,0.0,489,45.3836,-75.5176,0.46,BS_275,19.63,Fully Served,None,0.0,N/A,TN
0,0.0,0.0,490,43.1448,-80.0014,0.15,BS_584,19.86,Fully Served,None,0.0,N/A,TN
0,0.0,0.0,491,43.7167,-79.2524,0.78,BS_478,19.82,Fully Served,None,0.0,N/A,TN
0,0.0,0.0,492,43.8543,-79.4347,0.68,BS_94,19.62,Fully Served,None,0.0,N/A,TN
0,0.0,0.0,493,44.863,-81.0782,0.14,None,0.0,No 5G Tower in Geographic Range,Sat_STARLINK-SHELL-1-066-003,300.0,Fully Served,LEO
0,0.0,0.0,494,45.2089,-75.8847,0.83,BS_46,19.87,Fully Served,None,0.0,N/A,TN
0,0.0,0.0,495,44.1864,-76.4234,0.87,BS_611,19.92,Fully Served,None,0.0,N/A,TN
0,0.0,0.0,496,43.6551,-79.924,2.17,None,0.0,No 5G Tower in Geographic Range,Sat_STARLINK-SHELL-1-066-003,300.0,Fully Served,LEO
0,0.0,0.0,498,43.8631,-79.5034,0.6,BS_418,19.9,Fully Served,None,0.0,N/A,TN
0,0.0,0.0,499,43.1265,-81.1104,0.15,BS_526,19.99,Fully Served,None,0.0,N/A,TN
0,0.0,0.0,501,43.3676,-79.8144,0.96,BS_516,20.0,Fully Served,None,0.0,N/A,TN
0,0.0,0.0,502,44.9925,-75.6083,0.77,BS_698,100.0,Fully Served,None,0.0,N/A,TN
0,0.0,0.0,503,43.6367,-79.4833,0.11,BS_175,19.7,Fully Served,None,0.0,N/A,TN
0,0.0,0.0,504,44.2428,-76.5318,0.83,BS_264,19.28,Fully Served,None,0.0,N/A,TN
0,0.0,0.0,505,44.2751,-76.3749,0.3,BS_614,19.96,Fully Served,None,0.0,N/A,TN
0,0.0,0.0,506,45.4424,-75.4602,0.48,BS_661,19.52,Fully Served,None,0.0,N/A,TN
0,0.0,0.0,507,43.1264,-81.2487,4.43,BS_234,20.0,Fully Served,None,0.0,N/A,TN
0,0.0,0.0,508,43.8757,-79.2627,0.83,BS_727,19.79,Fully Served,None,0.0,N/A,TN
0,0.0,0.0,509,43.6785,-79.3747,0.79,BS_158,19.95,Fully Served,None,0.0,N/A,TN
0,0.0,0.0,510,43.0287,-81.1629,0.17,BS_235,19.07,Fully Served,None,0.0,N/A,TN
0,0.0,0.0,511,43.2546,-79.9449,3.2,BS_149,19.34,Fully Served,None,0.0,N/A,TN
0,0.0,0.0,512,43.6967,-79.4112,3.66,BS_157,19.49,Fully Served,None,0.0,N/A,TN
0,0.0,0.0,513,43.0195,-80.0838,0.65,BS_292,20.0,Fully Served,None,0.0,N/A,TN
0,0.0,0.0,514,45.3564,-75.7634,0.42,BS_640,19.61,Fully Served,None,0.0,N/A,TN
0,0.0,0.0,515,44.3123,-76.2991,0.68,BS_592,19.84,Fully Served,None,0.0,N/A,TN
0,0.0,0.0,516,42.8897,-81.3653,0.53,BS_721,19.94,Fully Served,None,0.0,N/A,TN
0,0.0,0.0,518,45.0949,-75.8266,0.99,BS_693,100.0,Fully Served,None,0.0,N/A,TN
0,0.0,0.0,519,46.44,-80.8772,0.17,BS_310,20.0,Fully Served,None,0.0,N/A,TN
0,0.0,0.0,520,46.505,-81.0421,0.64,BS_307,20.0,Fully Served,None,0.0,N/A,TN
0,0.0,0.0,521,45.4123,-75.9272,4.14,BS_466,99.95,Fully Served,None,0.0,N/A,TN
0,0.0,0.0,522,43.5119,-79.7616,0.17,BS_505,19.94,Fully Served,None,0.0,N/A,TN
0,0.0,0.0,523,45.4211,-75.5519,1.0,BS_271,19.42,Fully Served,None,0.0,N/A,TN
0,0.0,0.0,524,43.7418,-79.6139,0.41,BS_643,19.98,Fully Served,None,0.0,N/A,TN
0,0.0,0.0,525,42.9433,-79.9568,0.83,BS_384,19.48,Fully Served,None,0.0,N/A,TN
0,0.0,0.0,526,43.3183,-79.8664,2.49,BS_112,19.81,Fully Served,None,0.0,N/A,TN
0,0.0,0.0,527,43.0057,-81.1619,0.47,BS_240,20.0,Fully Served,None,0.0,N/A,TN
0,0.0,0.0,528,45.3725,-75.4838,0.66,BS_275,19.71,Fully Served,None,0.0,N/A,TN
0,0.0,0.0,529,46.5093,-81.0987,0.53,BS_23,20.0,Fully Served,None,0.0,N/A,TN
0,0.0,0.0,530,42.9518,-81.1239,4.6,BS_547,19.87,Fully Served,None,0.0,N/A,TN
0,0.0,0.0,531,42.8346,-81.2464,2.93,BS_206,100.0,Fully Served,None,0.0,N/A,TN
0,0.0,0.0,532,46.8775,-81.2095,0.53,BS_16,100.0,Fully Served,None,0.0,N/A,TN
0,0.0,0.0,533,43.309,-81.1066,0.11,BS_524,19.58,Fully Served,None,0.0,N/A,TN
0,0.0,0.0,534,43.2224,-79.9009,0.5,BS_155,19.69,Fully Served,None,0.0,N/A,TN
0,0.0,0.0,535,42.8544,-81.1156,0.93,BS_540,19.84,Fully Served,None,0.0,N/A,TN
0,0.0,0.0,536,46.5565,-80.9827,4.54,BS_296,19.49,Fully Served,None,0.0,N/A,TN
0,0.0,0.0,537,43.1559,-79.8761,3.34,BS_5,20.0,Fully Served,None,0.0,N/A,TN
0,0.0,0.0,538,45.305,-75.7018,0.47,BS_639,19.5,Fully Served,None,0.0,N/A,TN
0,0.0,0.0,539,43.9155,-79.1927,0.76,BS_734,19.68,Fully Served,None,0.0,N/A,TN
0,0.0,0.0,540,42.9879,-81.486,4.08,BS_447,19.83,Fully Served,None,0.0,N/A,TN
0,0.0,0.0,541,43.5821,-80.0722,4.61,BS_359,100.0,Fully Served,None,0.0,N/A,TN
0,0.0,0.0,543,42.8899,-81.161,3.51,BS_197,19.89,Fully Served,None,0.0,N/A,TN
0,0.0,0.0,545,43.6145,-79.7984,0.19,BS_745,20.0,Fully Served,None,0.0,N/A,TN
0,0.0,0.0,546,43.1847,-79.9168,0.48,BS_145,19.74,Fully Served,None,0.0,N/A,TN
0,0.0,0.0,547,43.1499,-79.7361,0.8,BS_3,19.65,Fully Served,None,0.0,N/A,TN
0,0.0,0.0,548,43.3212,-79.908,0.62,BS_118,19.36,Fully Served,None,0.0,N/A,TN
0,0.0,0.0,549,43.1888,-79.9167,0.66,BS_145,19.66,Fully Served,None,0.0,N/A,TN
0,0.0,0.0,550,44.2282,-76.6367,0.49,BS_255,19.39,Fully Served,None,0.0,N/A,TN
0,0.0,0.0,551,43.8926,-79.4956,0.9,BS_418,19.81,Fully Served,None,0.0,N/A,TN
0,0.0,0.0,553,43.1481,-81.0146,3.44,BS_525,19.9,Fully Served,None,0.0,N/A,TN
0,0.0,0.0,557,43.0146,-79.9655,0.17,BS_388,19.67,Fully Served,None,0.0,N/A,TN
0,0.0,0.0,558,43.4212,-80.0287,4.2,BS_352,18.49,Fully Served,None,0.0,N/A,TN
0,0.0,0.0,561,44.2369,-76.4797,0.32,BS_257,19.84,Fully Served,None,0.0,N/A,TN
0,0.0,0.0,562,42.6565,-81.3057,0.9,BS_623,19.95,Fully Served,None,0.0,N/A,TN
0,0.0,0.0,563,45.3093,-75.9826,0.71,BS_468,19.95,Fully Served,None,0.0,N/A,TN
0,0.0,0.0,564,43.1788,-79.2609,4.84,None,0.0,No 5G Tower in Geographic Range,Sat_STARLINK-SHELL-2-048-007,299.93,Fully Served,LEO
0,0.0,0.0,565,46.1345,-80.8674,0.3,None,0.0,No 5G Tower in Geographic Range,Sat_STARLINK-SHELL-2-066-003,300.0,Fully Served,LEO
0,0.0,0.0,566,43.1942,-81.1786,0.83,BS_529,19.7,Fully Served,None,0.0,N/A,TN
0,0.0,0.0,567,44.4752,-76.5401,0.46,BS_220,19.71,Fully Served,None,0.0,N/A,TN
0,0.0,0.0,568,44.4055,-76.5307,0.43,BS_225,20.0,Fully Served,None,0.0,N/A,TN
0,0.0,0.0,569,44.4318,-76.5873,0.79,BS_227,20.0,Fully Served,None,0.0,N/A,TN
0,0.0,0.0,570,45.425,-75.488,0.95,BS_265,19.94,Fully Served,None,0.0,N/A,TN
0,0.0,0.0,571,45.4047,-75.6844,0.14,BS_641,19.69,Fully Served,None,0.0,N/A,TN
0,0.0,0.0,572,43.1545,-80.8481,0.54,None,0.0,No 5G Tower in Geographic Range,Sat_STARLINK-SHELL-2-048-007,300.0,Fully Served,LEO
0,0.0,0.0,573,46.5946,-81.0621,0.54,BS_28,19.97,Fully Served,None,0.0,N/A,TN
0,0.0,0.0,574,43.81,-79.3357,0.82,BS_101,19.04,Fully Served,None,0.0,N/A,TN
0,0.0,0.0,575,43.1838,-79.8264,3.67,BS_4,19.93,Fully Served,None,0.0,N/A,TN
0,0.0,0.0,576,46.5756,-81.1322,4.04,BS_18,19.92,Fully Served,None,0.0,N/A,TN
0,0.0,0.0,577,45.3283,-75.5705,0.11,BS_189,20.0,Fully Served,None,0.0,N/A,TN
0,0.0,0.0,578,43.2065,-79.7639,0.91,BS_6,19.59,Fully Served,None,0.0,N/A,TN
0,0.0,0.0,579,42.8769,-79.9387,4.47,BS_382,20.0,Fully Served,None,0.0,N/A,TN
0,0.0,0.0,580,46.6058,-81.075,3.89,BS_20,20.0,Fully Served,None,0.0,N/A,TN
0,0.0,0.0,583,42.7755,-81.3181,0.35,BS_620,19.85,Fully Served,None,0.0,N/A,TN
0,0.0,0.0,584,45.0219,-75.8847,0.74,BS_701,100.0,Fully Served,None,0.0,N/A,TN
0,0.0,0.0,585,43.6631,-79.5312,4.21,BS_342,19.95,Fully Served,None,0.0,N/A,TN
0,0.0,0.0,586,43.1865,-80.1038,0.48,BS_583,19.74,Fully Served,None,0.0,N/A,TN
0,0.0,0.0,587,43.6695,-79.5395,4.04,BS_342,19.48,Fully Served,None,0.0,N/A,TN
0,0.0,0.0,589,43.0332,-79.8157,0.52,BS_387,19.74,Fully Served,None,0.0,N/A,TN
0,0.0,0.0,590,43.0714,-81.2998,4.28,BS_56,20.0,Fully Served,None,0.0,N/A,TN
0,0.0,0.0,591,44.5164,-76.6457,3.47,BS_228,19.56,Fully Served,None,0.0,N/A,TN
0,0.0,0.0,592,45.3115,-75.635,0.2,BS_196,19.9,Fully Served,None,0.0,N/A,TN
0,0.0,0.0,593,43.5948,-79.5463,0.16,BS_343,19.77,Fully Served,None,0.0,N/A,TN
0,0.0,0.0,594,43.3824,-79.7925,4.04,BS_516,19.59,Fully Served,None,0.0,N/A,TN
0,0.0,0.0,595,43.2672,-79.8863,0.94,BS_146,19.37,Fully Served,None,0.0,N/A,TN
0,0.0,0.0,596,45.1822,-75.5953,0.16,BS_181,20.0,Fully Served,None,0.0,N/A,TN
0,0.0,0.0,597,43.2314,-79.7585,3.35,BS_6,20.0,Fully Served,None,0.0,N/A,TN
0,0.0,0.0,598,45.4625,-75.4433,3.63,BS_668,20.0,Fully Served,None,0.0,N/A,TN
0,0.0,0.0,599,42.9052,-81.3644,0.76,BS_721,19.79,Fully Served,None,0.0,N/A,TN
0,0.0,0.0,600,43.5497,-79.6931,0.49,BS_340,19.93,Fully Served,None,0.0,N/A,TN
0,0.0,0.0,601,42.8725,-81.065,0.72,BS_558,19.96,Fully Served,None,0.0,N/A,TN
0,0.0,0.0,602,43.3374,-79.8588,0.42,BS_112,19.33,Fully Served,None,0.0,N/A,TN
0,0.0,0.0,604,46.6779,-80.8395,0.13,BS_674,19.91,Fully Served,None,0.0,N/A,TN
0,0.0,0.0,605,42.9962,-79.7506,0.86,BS_375,19.39,Fully Served,None,0.0,N/A,TN
0,0.0,0.0,607,43.096,-79.6316,0.99,BS_318,20.0,Fully Served,None,0.0,N/A,TN
0,0.0,0.0,608,43.6451,-79.4128,0.99,BS_170,20.0,Fully Served,None,0.0,N/A,TN
0,0.0,0.0,609,43.7662,-79.157,0.55,BS_731,20.0,Fully Served,None,0.0,N/A,TN
0,0.0,0.0,611,43.7142,-79.6791,0.87,BS_344,100.0,Fully Served,None,0.0,N/A,TN
0,0.0,0.0,612,43.0023,-81.2953,0.93,BS_715,19.65,Fully Served,None,0.0,N/A,TN
0,0.0,0.0,613,43.0649,-81.259,0.78,BS_246,18.96,Fully Served,None,0.0,N/A,TN
0,0.0,0.0,614,46.4497,-80.9565,2.43,BS_297,19.93,Fully Served,None,0.0,N/A,TN
0,0.0,0.0,615,42.9566,-81.0614,0.49,BS_544,19.98,Fully Served,None,0.0,N/A,TN
0,0.0,0.0,616,45.3355,-75.7953,3.85,BS_35,19.87,Fully Served,None,0.0,N/A,TN
0,0.0,0.0,617,42.8272,-81.3722,0.4,BS_618,20.0,Fully Served,None,0.0,N/A,TN
0,0.0,0.0,618,43.7388,-79.2946,0.54,BS_484,20.0,Fully Served,None,0.0,N/A,TN
0,0.0,0.0,619,43.6232,-79.375,0.13,BS_165,19.28,Fully Served,None,0.0,N/A,TN
0,0.0,0.0,620,43.6836,-79.5069,0.75,BS_169,19.36,Fully Served,None,0.0,N/A,TN
0,0.0,0.0,621,44.4405,-76.425,0.78,BS_79,20.0,Fully Served,None,0.0,N/A,TN
0,0.0,0.0,622,43.6863,-79.5252,0.32,BS_169,19.9,Fully Served,None,0.0,N/A,TN
0,0.0,0.0,623,45.3349,-75.4198,0.69,BS_658,19.96,Fully Served,None,0.0,N/A,TN
0,0.0,0.0,624,43.3143,-80.0242,0.9,BS_357,19.99,Fully Served,None,0.0,N/A,TN
0,0.0,0.0,625,43.0853,-81.3851,3.24,BS_57,19.99,Fully Served,None,0.0,N/A,TN
0,0.0,0.0,626,45.3348,-75.817,0.5,BS_34,19.52,Fully Served,None,0.0,N/A,TN
0,0.0,0.0,627,43.8296,-79.4957,0.84,BS_404,19.89,Fully Served,None,0.0,N/A,TN
0,0.0,0.0,628,44.3448,-76.2683,0.17,BS_602,19.96,Fully Served,None,0.0,N/A,TN
0,0.0,0.0,629,43.7222,-79.5282,0.39,BS_648,19.29,Fully Served,None,0.0,N/A,TN
0,0.0,0.0,630,43.0193,-81.0649,0.45,BS_551,19.54,Fully Served,None,0.0,N/A,TN
0,0.0,0.0,631,43.271,-79.8342,0.71,BS_7,19.52,Fully Served,None,0.0,N/A,TN
0,0.0,0.0,632,43.2242,-79.8141,0.8,BS_0,20.0,Fully Served,None,0.0,N/A,TN
0,0.0,0.0,633,42.6646,-81.351,0.42,BS_623,20.0,Fully Served,None,0.0,N/A,TN
0,0.0,0.0,634,43.7209,-79.7884,0.12,BS_747,20.0,Fully Served,None,0.0,N/A,TN
0,0.0,0.0,636,43.7976,-79.4149,0.53,BS_102,19.63,Fully Served,None,0.0,N/A,TN
0,0.0,0.0,637,43.0915,-79.6876,0.35,BS_323,19.36,Fully Served,None,0.0,N/A,TN
0,0.0,0.0,638,46.5865,-80.8389,0.42,BS_399,19.96,Fully Served,None,0.0,N/A,TN
0,0.0,0.0,639,44.4482,-76.2079,4.36,BS_83,100.0,Fully Served,None,0.0,N/A,TN
0,0.0,0.0,640,46.203,-81.1548,0.66,BS_125,20.0,Fully Served,None,0.0,N/A,TN
0,0.0,0.0,641,45.2974,-75.5564,0.67,BS_186,19.87,Fully Served,None,0.0,N/A,TN
0,0.0,0.0,642,46.4715,-80.9879,2.01,BS_309,19.87,Fully Served,None,0.0,N/A,TN
0,0.0,0.0,643,42.7801,-81.1553,0.95,BS_212,19.96,Fully Served,None,0.0,N/A,TN
0,0.0,0.0,644,43.7387,-79.4035,0.91,BS_163,20.0,Fully Served,None,0.0,N/A,TN
0,0.0,0.0,645,46.4349,-81.0686,0.75,BS_137,20.0,Fully Served,None,0.0,N/A,TN
0,0.0,0.0,646,45.484,-75.3918,0.74,BS_664,19.6,Fully Served,None,0.0,N/A,TN
0,0.0,0.0,647,44.2573,-76.6871,3.88,BS_258,19.44,Fully Served,None,0.0,N/A,TN
0,0.0,0.0,648,42.7911,-81.3106,0.42,BS_620,19.81,Fully Served,None,0.0,N/A,TN
0,0.0,0.0,649,45.3223,-75.8352,0.84,BS_34,18.89,Fully Served,None,0.0,N/A,TN
0,0.0,0.0,650,43.325,-80.1687,2.62,BS_361,19.95,Fully Served,None,0.0,N/A,TN
0,0.0,0.0,651,43.5152,-80.0218,4.82,BS_354,19.96,Fully Served,None,0.0,N/A,TN
0,0.0,0.0,652,46.717,-80.8935,0.48,BS_679,19.92,Fully Served,None,0.0,N/A,TN
0,0.0,0.0,653,44.0024,-79.2375,0.37,BS_426,100.0,Fully Served,None,0.0,N/A,TN
0,0.0,0.0,654,42.9497,-80.0453,2.66,BS_290,19.97,Fully Served,None,0.0,N/A,TN
0,0.0,0.0,655,46.4268,-80.8532,0.12,BS_495,19.99,Fully Served,None,0.0,N/A,TN
0,0.0,0.0,656,44.3582,-76.4886,0.89,BS_261,20.0,Fully Served,None,0.0,N/A,TN
0,0.0,0.0,657,45.3986,-75.5514,0.59,BS_281,19.9,Fully Served,None,0.0,N/A,TN
0,0.0,0.0,658,43.8082,-79.2384,0.54,BS_483,19.78,Fully Served,None,0.0,N/A,TN
0,0.0,0.0,660,43.2234,-79.841,0.42,BS_0,19.45,Fully Served,None,0.0,N/A,TN
0,0.0,0.0,661,46.4536,-80.8657,0.46,BS_488,20.0,Fully Served,None,0.0,N/A,TN
0,0.0,0.0,662,43.8371,-79.3597,0.74,BS_101,16.28,Fully Served,None,0.0,N/A,TN
0,0.0,0.0,663,43.6357,-79.5918,3.7,BS_346,19.64,Fully Served,None,0.0,N/A,TN
0,0.0,0.0,664,43.8146,-79.5558,0.61,BS_644,19.18,Fully Served,None,0.0,N/A,TN
0,0.0,0.0,665,45.2253,-75.9093,0.74,BS_46,19.95,Fully Served,None,0.0,N/A,TN
0,0.0,0.0,667,43.6791,-79.5733,0.33,BS_335,19.93,Fully Served,None,0.0,N/A,TN
0,0.0,0.0,668,46.5404,-80.935,2.66,BS_296,18.92,Fully Served,None,0.0,N/A,TN
0,0.0,0.0,669,42.9495,-81.0817,0.82,BS_559,20.0,Fully Served,None,0.0,N/A,TN
0,0.0,0.0,671,43.131,-80.0486,0.32,BS_580,19.98,Fully Served,None,0.0,N/A,TN
0,0.0,0.0,673,45.1984,-75.7665,0.17,BS_37,20.0,Fully Served,None,0.0,N/A,TN
0,0.0,0.0,674,43.1867,-80.9277,2.31,BS_530,20.0,Fully Served,None,0.0,N/A,TN
0,0.0,0.0,675,43.2226,-79.9532,0.69,BS_154,19.74,Fully Served,None,0.0,N/A,TN
0,0.0,0.0,676,43.4741,-79.8398,0.64,BS_510,19.84,Fully Served,None,0.0,N/A,TN
0,0.0,0.0,677,44.2124,-76.3351,0.69,BS_597,19.96,Fully Served,None,0.0,N/A,TN
0,0.0,0.0,678,45.2586,-75.5808,0.69,BS_188,20.0,Fully Served,None,0.0,N/A,TN
0,0.0,0.0,679,43.5772,-79.9249,0.75,BS_756,20.0,Fully Served,None,0.0,N/A,TN
0,0.0,0.0,680,54.7417,-83.3499,0.44,None,0.0,No 5G Tower in Geographic Range,Sat_STARLINK-SHELL-4-023-006,300.0,Fully Served,LEO
0,0.0,0.0,681,46.1823,-80.868,3.36,BS_492,20.0,Fully Served,None,0.0,N/A,TN
0,0.0,0.0,682,45.4129,-75.4719,0.16,BS_265,19.79,Fully Served,None,0.0,N/A,TN
0,0.0,0.0,683,46.4314,-80.8104,0.16,BS_500,20.0,Fully Served,None,0.0,N/A,TN
0,0.0,0.0,684,43.8968,-79.4153,0.45,BS_409,19.91,Fully Served,None,0.0,N/A,TN
0,0.0,0.0,685,43.2077,-79.9646,4.04,BS_154,19.59,Fully Served,None,0.0,N/A,TN
0,0.0,0.0,686,46.4825,-80.7892,0.13,BS_400,20.0,Fully Served,None,0.0,N/A,TN
0,0.0,0.0,687,43.7799,-79.2178,0.48,BS_733,19.93,Fully Served,None,0.0,N/A,TN
0,0.0,0.0,688,43.1216,-80.0009,0.76,BS_584,19.97,Fully Served,None,0.0,N/A,TN
0,0.0,0.0,689,46.7338,-81.2143,4.5,BS_19,20.0,Fully Served,None,0.0,N/A,TN
0,0.0,0.0,690,45.2451,-75.6746,0.13,BS_192,19.41,Fully Served,None,0.0,N/A,TN
0,0.0,0.0,691,45.2625,-75.8546,4.17,BS_36,20.0,Fully Served,None,0.0,N/A,TN
0,0.0,0.0,693,46.7646,-80.936,0.39,BS_670,19.73,Fully Served,None,0.0,N/A,TN
0,0.0,0.0,694,44.2658,-76.651,3.42,BS_255,19.88,Fully Served,None,0.0,N/A,TN
0,0.0,0.0,695,45.4276,-75.6585,0.14,BS_642,19.39,Fully Served,None,0.0,N/A,TN
0,0.0,0.0,696,43.0047,-81.2163,0.13,BS_233,19.96,Fully Served,None,0.0,N/A,TN
0,0.0,0.0,698,43.4667,-80.1209,0.99,BS_349,19.84,Fully Served,None,0.0,N/A,TN
0,0.0,0.0,699,46.5363,-81.0608,0.55,BS_311,19.67,Fully Served,None,0.0,N/A,TN
0,0.0,0.0,700,44.2967,-76.7189,0.5,BS_226,19.74,Fully Served,None,0.0,N/A,TN
0,0.0,0.0,701,43.8836,-79.5364,0.46,BS_407,20.0,Fully Served,None,0.0,N/A,TN
0,0.0,0.0,702,46.2867,-81.2867,4.09,BS_135,100.0,Fully Served,None,0.0,N/A,TN
0,0.0,0.0,703,43.4768,-79.708,0.34,BS_514,19.79,Fully Served,None,0.0,N/A,TN
0,0.0,0.0,704,43.2136,-79.72,0.16,BS_2,19.93,Fully Served,None,0.0,N/A,TN
0,0.0,0.0,705,45.4017,-75.6694,0.84,BS_631,19.96,Fully Served,None,0.0,N/A,TN
0,0.0,0.0,706,45.0424,-75.4593,0.11,None,0.0,No 5G Tower in Geographic Range,Sat_STARLINK-SHELL-1-067-003,300.0,Fully Served,LEO
0,0.0,0.0,707,43.379,-80.2851,0.68,BS_369,100.0,Fully Served,None,0.0,N/A,TN
0,0.0,0.0,708,46.4759,-80.9828,0.42,BS_309,19.93,Fully Served,None,0.0,N/A,TN
0,0.0,0.0,710,43.6428,-79.5851,0.7,BS_346,19.91,Fully Served,None,0.0,N/A,TN
0,0.0,0.0,712,42.8819,-81.1924,0.18,BS_723,19.94,Fully Served,None,0.0,N/A,TN
0,0.0,0.0,713,45.305,-75.8432,3.74,BS_34,18.69,Fully Served,None,0.0,N/A,TN
0,0.0,0.0,715,44.2644,-76.5987,0.67,BS_251,19.91,Fully Served,None,0.0,N/A,TN
0,0.0,0.0,716,43.6668,-79.4485,3.32,BS_164,19.56,Fully Served,None,0.0,N/A,TN
0,0.0,0.0,717,43.0315,-81.2367,0.19,BS_249,19.75,Fully Served,None,0.0,N/A,TN
0,0.0,0.0,718,46.6895,-81.1431,0.76,BS_26,19.39,Fully Served,None,0.0,N/A,TN
0,0.0,0.0,719,45.4187,-75.5436,0.97,BS_271,19.54,Fully Served,None,0.0,N/A,TN
0,0.0,0.0,720,43.1248,-79.9737,0.12,BS_148,19.85,Fully Served,None,0.0,N/A,TN
0,0.0,0.0,721,42.8644,-81.0219,0.61,BS_549,19.96,Fully Served,None,0.0,N/A,TN
0,0.0,0.0,722,43.1518,-79.4685,3.3,BS_327,20.0,Fully Served,None,0.0,N/A,TN
0,0.0,0.0,723,43.3291,-79.9261,0.53,BS_103,19.1,Fully Served,None,0.0,N/A,TN
0,0.0,0.0,724,44.1434,-76.7165,0.67,BS_260,19.62,Fully Served,None,0.0,N/A,TN
0,0.0,0.0,725,44.2818,-80.2913,0.1,None,0.0,No 5G Tower in Geographic Range,Sat_STARLINK-SHELL-1-066-003,300.0,Fully Served,LEO
0,0.0,0.0,726,43.0167,-80.9055,0.57,BS_543,100.0,Fully Served,None,0.0,N/A,TN
0,0.0,0.0,727,44.4275,-76.9263,0.49,None,0.0,No 5G Tower in Geographic Range,Sat_STARLINK-SHELL-1-066-003,300.0,Fully Served,LEO
0,0.0,0.0,728,45.385,-75.4042,4.04,BS_667,19.94,Fully Served,None,0.0,N/A,TN
0,0.0,0.0,729,43.7355,-79.4814,0.91,BS_176,20.0,Fully Served,None,0.0,N/A,TN
0,0.0,0.0,730,42.8175,-81.1667,0.39,BS_205,20.0,Fully Served,None,0.0,N/A,TN
0,0.0,0.0,732,43.3706,-79.914,0.86,BS_119,19.7,Fully Served,None,0.0,N/A,TN
0,0.0,0.0,733,46.3792,-81.1041,0.68,BS_139,20.0,Fully Served,None,0.0,N/A,TN
0,0.0,0.0,734,45.4075,-75.5255,0.89,BS_274,19.57,Fully Served,None,0.0,N/A,TN
0,0.0,0.0,735,46.4754,-81.2625,0.47,BS_17,19.95,Fully Served,None,0.0,N/A,TN
0,0.0,0.0,736,45.3103,-75.9179,0.11,BS_462,19.86,Fully Served,None,0.0,N/A,TN
0,0.0,0.0,737,42.7308,-81.0175,4.19,BS_208,19.99,Fully Served,None,0.0,N/A,TN
0,0.0,0.0,738,43.0594,-81.0466,0.19,BS_534,100.0,Fully Served,None,0.0,N/A,TN
0,0.0,0.0,739,42.8455,-81.2606,0.35,BS_710,19.91,Fully Served,None,0.0,N/A,TN
0,0.0,0.0,740,43.781,-79.2887,0.66,BS_473,19.61,Fully Served,None,0.0,N/A,TN
0,0.0,0.0,741,45.5529,-75.2804,0.94,None,0.0,No 5G Tower in Geographic Range,Sat_STARLINK-SHELL-1-067-003,300.0,Fully Served,LEO
0,0.0,0.0,742,44.4254,-76.5898,0.44,BS_227,19.8,Fully Served,None,0.0,N/A,TN
0,0.0,0.0,743,42.9821,-80.5505,0.71,None,0.0,No 5G Tower in Geographic Range,Sat_STARLINK-SHELL-2-048-007,300.0,Fully Served,LEO
0,0.0,0.0,745,45.3774,-75.4548,0.84,BS_665,20.0,Fully Served,None,0.0,N/A,TN
0,0.0,0.0,746,43.0697,-81.3963,0.88,BS_57,19.74,Fully Served,None,0.0,N/A,TN
0,0.0,0.0,747,46.6748,-80.9444,0.63,BS_682,19.99,Fully Served,None,0.0,N/A,TN
0,0.0,0.0,748,44.4813,-76.5191,0.14,BS_87,19.37,Fully Served,None,0.0,N/A,TN
0,0.0,0.0,749,46.4403,-80.9979,3.57,BS_305,19.92,Fully Served,None,0.0,N/A,TN
0,0.0,0.0,750,45.3708,-75.7635,0.17,BS_636,19.5,Fully Served,None,0.0,N/A,TN
0,0.0,0.0,751,43.8116,-79.3533,2.21,BS_101,18.19,Fully Served,None,0.0,N/A,TN
0,0.0,0.0,752,43.1885,-80.9572,0.11,BS_517,20.0,Fully Served,None,0.0,N/A,TN
0,0.0,0.0,753,43.0314,-81.3471,4.87,BS_53,19.93,Fully Served,None,0.0,N/A,TN
0,0.0,0.0,755,45.4227,-75.6844,0.5,BS_641,19.59,Fully Served,None,0.0,N/A,TN
0,0.0,0.0,756,43.2949,-80.0907,2.22,BS_371,20.0,Fully Served,None,0.0,N/A,TN
0,0.0,0.0,757,43.9698,-79.2797,0.6,BS_421,20.0,Fully Served,None,0.0,N/A,TN
0,0.0,0.0,758,44.2363,-76.5945,0.9,BS_254,19.59,Fully Served,None,0.0,N/A,TN
0,0.0,0.0,759,45.1851,-75.3021,2.47,BS_566,19.94,Fully Served,None,0.0,N/A,TN
0,0.0,0.0,760,45.2095,-75.5476,0.13,BS_182,19.97,Fully Served,None,0.0,N/A,TN
0,0.0,0.0,761,43.1424,-81.349,2.66,BS_433,20.0,Fully Served,None,0.0,N/A,TN
0,0.0,0.0,762,42.9437,-81.1979,0.75,BS_716,19.92,Fully Served,None,0.0,N/A,TN
0,0.0,0.0,764,43.9831,-79.4062,3.15,BS_412,20.0,Fully Served,None,0.0,N/A,TN
0,0.0,0.0,765,43.8744,-79.2243,0.33,BS_741,100.0,Fully Served,None,0.0,N/A,TN
0,0.0,0.0,766,46.6165,-81.1449,0.52,BS_29,20.0,Fully Served,None,0.0,N/A,TN
0,0.0,0.0,767,43.0442,-80.037,0.45,BS_288,20.0,Fully Served,None,0.0,N/A,TN
0,0.0,0.0,768,45.1301,-75.7395,0.55,BS_700,19.91,Fully Served,None,0.0,N/A,TN
0,0.0,0.0,769,42.7721,-81.251,0.59,BS_213,20.0,Fully Served,None,0.0,N/A,TN
0,0.0,0.0,770,43.1617,-80.0032,0.93,BS_569,19.07,Fully Served,None,0.0,N/A,TN
0,0.0,0.0,771,43.4001,-79.927,0.39,BS_110,18.56,Fully Served,None,0.0,N/A,TN
0,0.0,0.0,772,43.1535,-81.0438,0.32,BS_525,20.0,Fully Served,None,0.0,N/A,TN
0,0.0,0.0,773,42.754,-81.2281,0.45,BS_207,20.0,Fully Served,None,0.0,N/A,TN
0,0.0,0.0,775,42.8625,-81.2012,0.39,BS_723,19.91,Fully Served,None,0.0,N/A,TN
0,0.0,0.0,776,46.3576,-80.7558,0.12,BS_494,100.0,Fully Served,None,0.0,N/A,TN
0,0.0,0.0,777,43.7635,-79.4888,0.81,BS_645,19.61,Fully Served,None,0.0,N/A,TN
0,0.0,0.0,778,43.0076,-81.052,0.13,BS_551,20.0,Fully Served,None,0.0,N/A,TN
0,0.0,0.0,779,44.3425,-76.743,2.96,BS_218,19.93,Fully Served,None,0.0,N/A,TN
0,0.0,0.0,780,43.8334,-79.0569,0.19,None,0.0,No 5G Tower in Geographic Range,Sat_STARLINK-SHELL-1-066-003,300.0,Fully Served,LEO
0,0.0,0.0,781,44.2255,-76.5878,0.58,BS_254,20.0,Fully Served,None,0.0,N/A,TN
0,0.0,0.0,782,45.3402,-75.5509,0.94,BS_268,19.61,Fully Served,None,0.0,N/A,TN
0,0.0,0.0,783,43.7198,-79.5488,0.69,BS_651,19.83,Fully Served,None,0.0,N/A,TN
0,0.0,0.0,784,42.8856,-81.466,0.61,BS_627,20.0,Fully Served,None,0.0,N/A,TN
0,0.0,0.0,787,46.5173,-80.8703,2.97,BS_299,20.0,Fully Served,None,0.0,N/A,TN
0,0.0,0.0,788,45.3474,-75.6268,0.11,BS_634,19.32,Fully Served,None,0.0,N/A,TN
0,0.0,0.0,789,42.7872,-81.4251,0.14,BS_624,20.0,Fully Served,None,0.0,N/A,TN
0,0.0,0.0,790,43.426,-79.8699,0.49,BS_107,20.0,Fully Served,None,0.0,N/A,TN
0,0.0,0.0,791,44.2312,-76.4912,0.56,BS_257,19.91,Fully Served,None,0.0,N/A,TN
0,0.0,0.0,792,43.1856,-79.9658,0.47,BS_147,19.69,Fully Served,None,0.0,N/A,TN
0,0.0,0.0,793,42.964,-81.0767,2.53,BS_544,19.92,Fully Served,None,0.0,N/A,TN
0,0.0,0.0,794,43.1726,-79.7351,0.98,BS_3,19.9,Fully Served,None,0.0,N/A,TN
0,0.0,0.0,795,43.179,-79.8887,0.57,BS_5,19.1,Fully Served,None,0.0,N/A,TN
0,0.0,0.0,796,44.2632,-76.6626,0.83,BS_255,20.0,Fully Served,None,0.0,N/A,TN
0,0.0,0.0,797,43.6298,-79.3899,0.35,BS_165,20.0,Fully Served,None,0.0,N/A,TN
0,0.0,0.0,798,43.6,-79.5473,0.54,BS_343,19.92,Fully Served,None,0.0,N/A,TN
0,0.0,0.0,799,44.3456,-76.5238,0.82,None,0.0,No 5G Tower in Geographic Range,Sat_STARLINK-SHELL-1-066-003,300.0,Fully Served,LEO
0,0.0,0.0,800,43.7532,-79.2307,0.92,BS_480,19.92,Fully Served,None,0.0,N/A,TN
0,0.0,0.0,801,43.6791,-79.5889,0.73,BS_335,20.0,Fully Served,None,0.0,N/A,TN
0,0.0,0.0,802,43.035,-79.5413,0.41,BS_328,100.0,Fully Served,None,0.0,N/A,TN
0,0.0,0.0,803,46.7625,-80.9615,0.13,BS_670,19.7,Fully Served,None,0.0,N/A,TN
0,0.0,0.0,804,43.0085,-81.2599,0.11,BS_249,19.88,Fully Served,None,0.0,N/A,TN
0,0.0,0.0,805,42.9247,-81.1081,0.66,BS_552,19.92,Fully Served,None,0.0,N/A,TN
0,0.0,0.0,806,45.4873,-75.4278,0.19,BS_659,19.83,Fully Served,None,0.0,N/A,TN
0,0.0,0.0,807,42.9089,-80.9935,0.95,BS_546,20.0,Fully Served,None,0.0,N/A,TN
0,0.0,0.0,808,43.3909,-79.9707,3.39,BS_116,20.0,Fully Served,None,0.0,N/A,TN
0,0.0,0.0,809,43.5221,-80.0456,0.54,BS_354,19.55,Fully Served,None,0.0,N/A,TN
0,0.0,0.0,810,43.6516,-79.59,0.81,BS_346,19.84,Fully Served,None,0.0,N/A,TN
0,0.0,0.0,811,43.026,-81.57,0.31,BS_449,20.0,Fully Served,None,0.0,N/A,TN
0,0.0,0.0,812,45.2327,-75.5722,0.34,BS_182,19.88,Fully Served,None,0.0,N/A,TN
0,0.0,0.0,813,46.5148,-81.116,0.66,BS_23,19.84,Fully Served,None,0.0,N/A,TN
0,0.0,0.0,814,45.4358,-75.603,0.6,BS_276,19.52,Fully Served,None,0.0,N/A,TN
0,0.0,0.0,815,45.434,-75.6312,0.54,BS_642,19.51,Fully Served,None,0.0,N/A,TN
0,0.0,0.0,816,44.2019,-76.3651,2.48,BS_610,19.97,Fully Served,None,0.0,N/A,TN
0,0.0,0.0,817,45.094,-75.581,0.33,BS_697,19.86,Fully Served,None,0.0,N/A,TN
0,0.0,0.0,818,45.3642,-75.7933,2.91,BS_43,19.75,Fully Served,None,0.0,N/A,TN
0,0.0,0.0,819,45.3688,-75.7281,3.32,BS_636,19.9,Fully Served,None,0.0,N/A,TN
0,0.0,0.0,820,43.4705,-80.0984,2.08,BS_349,20.0,Fully Served,None,0.0,N/A,TN
0,0.0,0.0,821,46.467,-80.9474,0.67,BS_297,19.71,Fully Served,None,0.0,N/A,TN
0,0.0,0.0,822,44.1603,-76.4468,4.2,BS_604,19.91,Fully Served,None,0.0,N/A,TN
0,0.0,0.0,823,44.3608,-76.5149,0.7,BS_261,19.76,Fully Served,None,0.0,N/A,TN
0,0.0,0.0,824,43.408,-79.9442,0.5,BS_110,20.0,Fully Served,None,0.0,N/A,TN
0,0.0,0.0,825,46.495,-80.8466,0.3,BS_396,19.97,Fully Served,None,0.0,N/A,TN
0,0.0,0.0,826,43.7087,-79.5375,4.16,BS_648,19.94,Fully Served,None,0.0,N/A,TN
0,0.0,0.0,827,46.3827,-80.9774,2.81,BS_490,19.67,Fully Served,None,0.0,N/A,TN
0,0.0,0.0,828,43.1685,-81.0815,0.77,BS_535,100.0,Fully Served,None,0.0,N/A,TN
0,0.0,0.0,829,42.9678,-81.5599,4.87,BS_444,19.93,Fully Served,None,0.0,N/A,TN
0,0.0,0.0,830,42.7961,-81.1828,0.78,BS_205,19.9,Fully Served,None,0.0,N/A,TN
0,0.0,0.0,831,42.9832,-79.698,0.92,BS_325,20.0,Fully Served,None,0.0,N/A,TN
0,0.0,0.0,833,43.5796,-79.6897,0.12,BS_347,20.0,Fully Served,None,0.0,N/A,TN
0,0.0,0.0,834,45.4436,-75.6797,1.0,BS_633,19.48,Fully Served,None,0.0,N/A,TN
0,0.0,0.0,835,46.2497,-80.9512,0.73,BS_498,20.0,Fully Served,None,0.0,N/A,TN
0,0.0,0.0,836,45.3359,-75.7163,2.12,BS_639,19.81,Fully Served,None,0.0,N/A,TN
0,0.0,0.0,837,43.7038,-79.3977,0.14,BS_157,20.0,Fully Served,None,0.0,N/A,TN
0,0.0,0.0,838,44.2724,-76.5987,0.55,BS_251,19.96,Fully Served,None,0.0,N/A,TN
0,0.0,0.0,839,43.4404,-79.7192,0.17,BS_508,20.0,Fully Served,None,0.0,N/A,TN
0,0.0,0.0,840,44.3167,-76.3275,0.66,BS_592,19.92,Fully Served,None,0.0,N/A,TN
0,0.0,0.0,841,43.0263,-79.8518,0.36,BS_376,20.0,Fully Served,None,0.0,N/A,TN
0,0.0,0.0,842,46.4314,-80.9795,0.77,BS_314,19.5,Fully Served,None,0.0,N/A,TN
0,0.0,0.0,843,43.017,-79.7193,0.47,BS_315,19.95,Fully Served,None,0.0,N/A,TN
0,0.0,0.0,844,43.2709,-79.8617,0.9,BS_7,19.22,Fully Served,None,0.0,N/A,TN
0,0.0,0.0,845,45.1595,-75.6392,0.67,BS_704,19.97,Fully Served,None,0.0,N/A,TN
0,0.0,0.0,846,46.5025,-80.9204,0.86,BS_308,100.0,Fully Served,None,0.0,N/A,TN
0,0.0,0.0,847,45.3234,-75.5233,3.85,BS_183,20.0,Fully Served,None,0.0,N/A,TN
0,0.0,0.0,848,42.8932,-80.9297,0.46,BS_541,100.0,Fully Served,None,0.0,N/A,TN
0,0.0,0.0,850,43.0572,-81.1476,0.13,BS_243,19.77,Fully Served,None,0.0,N/A,TN
0,0.0,0.0,851,44.2872,-76.4783,0.12,BS_250,19.92,Fully Served,None,0.0,N/A,TN
0,0.0,0.0,852,43.7728,-79.2615,0.83,BS_482,19.51,Fully Served,None,0.0,N/A,TN
0,0.0,0.0,853,43.054,-79.9769,0.66,BS_380,19.96,Fully Served,None,0.0,N/A,TN
0,0.0,0.0,854,43.1885,-79.6367,0.34,BS_316,19.83,Fully Served,None,0.0,N/A,TN
0,0.0,0.0,855,45.3156,-75.5602,0.73,BS_189,19.93,Fully Served,None,0.0,N/A,TN
0,0.0,0.0,856,43.7574,-79.2432,0.41,BS_480,19.71,Fully Served,None,0.0,N/A,TN
0,0.0,0.0,857,43.792,-79.2569,0.65,BS_476,19.61,Fully Served,None,0.0,N/A,TN
0,0.0,0.0,858,42.9135,-81.0449,3.14,BS_536,18.55,Fully Served,None,0.0,N/A,TN
0,0.0,0.0,860,46.5467,-81.0396,3.8,BS_311,19.97,Fully Served,None,0.0,N/A,TN
0,0.0,0.0,861,46.7751,-80.9589,2.44,BS_670,20.0,Fully Served,None,0.0,N/A,TN
0,0.0,0.0,863,45.2203,-75.4102,0.2,BS_563,20.0,Fully Served,None,0.0,N/A,TN
0,0.0,0.0,864,43.2667,-80.1304,0.72,BS_577,19.92,Fully Served,None,0.0,N/A,TN
0,0.0,0.0,865,43.3163,-79.8445,0.68,BS_112,19.5,Fully Served,None,0.0,N/A,TN
0,0.0,0.0,866,45.4651,-76.0255,0.69,BS_471,100.0,Fully Served,None,0.0,N/A,TN
0,0.0,0.0,867,43.683,-79.3406,0.73,BS_475,19.93,Fully Served,None,0.0,N/A,TN
0,0.0,0.0,868,45.2191,-75.5658,0.46,BS_182,20.0,Fully Served,None,0.0,N/A,TN
0,0.0,0.0,869,43.1564,-81.4427,0.11,BS_441,20.0,Fully Served,None,0.0,N/A,TN
0,0.0,0.0,870,45.2911,-75.4775,0.7,BS_190,20.0,Fully Served,None,0.0,N/A,TN
0,0.0,0.0,872,46.3369,-81.1339,0.89,BS_126,19.99,Fully Served,None,0.0,N/A,TN
0,0.0,0.0,873,46.36,-80.9576,0.67,BS_490,19.78,Fully Served,None,0.0,N/A,TN
0,0.0,0.0,874,43.7119,-79.3626,0.17,BS_166,19.99,Fully Served,None,0.0,N/A,TN
0,0.0,0.0,875,43.1121,-81.2,0.38,BS_245,20.0,Fully Served,None,0.0,N/A,TN
0,0.0,0.0,876,43.1094,-80.0694,0.53,BS_586,19.86,Fully Served,None,0.0,N/A,TN
0,0.0,0.0,877,43.6221,-79.9445,0.11,BS_755,100.0,Fully Served,None,0.0,N/A,TN
0,0.0,0.0,878,46.4009,-81.0664,0.82,BS_127,20.0,Fully Served,None,0.0,N/A,TN
0,0.0,0.0,879,43.4176,-79.7947,0.72,BS_513,20.0,Fully Served,None,0.0,N/A,TN
0,0.0,0.0,880,44.1943,-76.4675,0.6,BS_591,20.0,Fully Served,None,0.0,N/A,TN
0,0.0,0.0,881,43.9725,-79.5307,0.84,None,0.0,No 5G Tower in Geographic Range,Sat_STARLINK-SHELL-1-066-003,299.54,Fully Served,LEO
0,0.0,0.0,882,43.6333,-79.4115,0.39,BS_165,19.18,Fully Served,None,0.0,N/A,TN
0,0.0,0.0,883,42.8952,-81.3187,0.76,None,0.0,No 5G Tower in Geographic Range,Sat_STARLINK-SHELL-2-048-007,300.0,Fully Served,LEO
0,0.0,0.0,884,43.8604,-79.4317,0.9,BS_94,19.76,Fully Served,None,0.0,N/A,TN
0,0.0,0.0,885,46.7629,-80.9399,0.68,BS_670,19.8,Fully Served,None,0.0,N/A,TN
0,0.0,0.0,886,45.5015,-75.4497,0.48,BS_659,20.0,Fully Served,None,0.0,N/A,TN
0,0.0,0.0,887,43.567,-79.5649,2.81,BS_338,19.73,Fully Served,None,0.0,N/A,TN
0,0.0,0.0,888,44.3236,-76.3183,0.98,BS_592,20.0,Fully Served,None,0.0,N/A,TN
0,0.0,0.0,889,43.211,-79.9604,4.27,BS_154,20.0,Fully Served,None,0.0,N/A,TN
0,0.0,0.0,890,42.7676,-81.2202,0.43,BS_207,19.49,Fully Served,None,0.0,N/A,TN
0,0.0,0.0,891,44.3373,-76.549,0.12,BS_256,19.27,Fully Served,None,0.0,N/A,TN
0,0.0,0.0,892,43.7327,-79.2711,0.91,BS_474,20.0,Fully Served,None,0.0,N/A,TN
0,0.0,0.0,893,43.7221,-79.3109,0.39,BS_484,19.03,Fully Served,None,0.0,N/A,TN
0,0.0,0.0,894,42.9233,-81.5523,0.94,BS_451,20.0,Fully Served,None,0.0,N/A,TN
0,0.0,0.0,897,45.4402,-76.0826,0.82,BS_459,19.59,Fully Served,None,0.0,N/A,TN
0,0.0,0.0,900,44.4476,-76.6583,0.47,BS_217,20.0,Fully Served,None,0.0,N/A,TN
0,0.0,0.0,901,42.8527,-81.3375,0.12,BS_714,19.51,Fully Served,None,0.0,N/A,TN
0,0.0,0.0,902,42.8767,-81.2913,0.51,BS_712,20.0,Fully Served,None,0.0,N/A,TN
0,0.0,0.0,903,44.387,-76.6043,0.59,BS_221,20.0,Fully Served,None,0.0,N/A,TN
0,0.0,0.0,904,43.0193,-81.5913,3.66,BS_449,19.92,Fully Served,None,0.0,N/A,TN
0,0.0,0.0,905,43.317,-79.966,0.43,BS_109,20.0,Fully Served,None,0.0,N/A,TN
0,0.0,0.0,906,46.4185,-81.1025,0.85,BS_123,20.0,Fully Served,None,0.0,N/A,TN
0,0.0,0.0,907,46.3835,-80.9122,0.68,BS_496,19.99,Fully Served,None,0.0,N/A,TN
0,0.0,0.0,908,42.8304,-81.1962,0.41,BS_205,19.78,Fully Served,None,0.0,N/A,TN
0,0.0,0.0,909,45.4855,-75.5394,0.75,BS_269,19.9,Fully Served,None,0.0,N/A,TN
0,0.0,0.0,910,43.0265,-80.0596,2.03,BS_292,19.94,Fully Served,None,0.0,N/A,TN
0,0.0,0.0,912,43.1717,-79.9629,0.63,BS_147,19.97,Fully Served,None,0.0,N/A,TN
0,0.0,0.0,913,45.4567,-75.4447,0.43,BS_668,19.33,Fully Served,None,0.0,N/A,TN
0,0.0,0.0,914,43.2247,-79.9948,0.62,BS_144,19.87,Fully Served,None,0.0,N/A,TN
0,0.0,0.0,915,46.586,-81.0545,0.43,BS_28,20.0,Fully Served,None,0.0,N/A,TN
0,0.0,0.0,916,42.6203,-81.4613,2.15,BS_621,100.0,Fully Served,None,0.0,N/A,TN
0,0.0,0.0,917,42.8815,-81.1596,0.77,BS_197,20.0,Fully Served,None,0.0,N/A,TN
0,0.0,0.0,918,43.1965,-79.8157,3.6,BS_4,19.58,Fully Served,None,0.0,N/A,TN
0,0.0,0.0,919,43.8884,-79.1722,0.64,BS_734,19.76,Fully Served,None,0.0,N/A,TN
0,0.0,0.0,920,42.8299,-81.0935,0.74,BS_203,19.48,Fully Served,None,0.0,N/A,TN
0,0.0,0.0,921,42.7975,-81.3751,4.33,BS_618,19.49,Fully Served,None,0.0,N/A,TN
0,0.0,0.0,922,43.4025,-79.7759,0.15,BS_506,20.0,Fully Served,None,0.0,N/A,TN
0,0.0,0.0,923,43.005,-80.9522,0.58,BS_556,100.0,Fully Served,None,0.0,N/A,TN
0,0.0,0.0,924,44.2329,-76.7176,4.59,BS_258,20.0,Fully Served,None,0.0,N/A,TN
0,0.0,0.0,925,43.7422,-79.6191,0.31,BS_643,20.0,Fully Served,None,0.0,N/A,TN
0,0.0,0.0,926,43.075,-81.3496,4.47,BS_49,20.0,Fully Served,None,0.0,N/A,TN
0,0.0,0.0,927,43.2388,-81.1411,4.63,BS_522,19.95,Fully Served,None,0.0,N/A,TN
0,0.0,0.0,929,44.2141,-76.5614,2.75,BS_254,19.93,Fully Served,None,0.0,N/A,TN
0,0.0,0.0,930,46.3864,-81.2794,0.71,BS_128,100.0,Fully Served,None,0.0,N/A,TN
0,0.0,0.0,931,45.3377,-75.6501,4.73,BS_634,19.91,Fully Served,None,0.0,N/A,TN
0,0.0,0.0,932,43.241,-80.0216,0.64,BS_144,19.71,Fully Served,None,0.0,N/A,TN
0,0.0,0.0,933,46.3778,-81.0211,0.33,BS_138,19.95,Fully Served,None,0.0,N/A,TN
0,0.0,0.0,934,43.0849,-81.3574,0.93,BS_49,19.61,Fully Served,None,0.0,N/A,TN
0,0.0,0.0,935,45.5115,-75.4439,0.98,BS_659,19.94,Fully Served,None,0.0,N/A,TN
0,0.0,0.0,936,43.0019,-79.8685,0.79,BS_376,19.27,Fully Served,None,0.0,N/A,TN
0,0.0,0.0,937,44.1285,-76.7056,3.16,BS_260,20.0,Fully Served,None,0.0,N/A,TN
0,0.0,0.0,939,43.0803,-79.8676,0.59,BS_383,19.96,Fully Served,None,0.0,N/A,TN
0,0.0,0.0,940,44.3867,-76.4269,3.35,BS_72,19.47,Fully Served,None,0.0,N/A,TN
0,0.0,0.0,941,46.4932,-80.8329,0.45,BS_396,20.0,Fully Served,None,0.0,N/A,TN
0,0.0,0.0,942,45.422,-75.3366,0.68,BS_669,100.0,Fully Served,None,0.0,N/A,TN
0,0.0,0.0,943,43.2356,-79.7569,2.89,BS_6,19.47,Fully Served,None,0.0,N/A,TN
0,0.0,0.0,945,43.7502,-79.5677,0.69,BS_654,19.81,Fully Served,None,0.0,N/A,TN
0,0.0,0.0,946,43.0477,-81.21,0.62,BS_237,19.97,Fully Served,None,0.0,N/A,TN
0,0.0,0.0,947,44.302,-76.5307,4.76,BS_256,19.25,Fully Served,None,0.0,N/A,TN
0,0.0,0.0,948,43.8762,-79.4413,4.96,BS_409,19.42,Fully Served,None,0.0,N/A,TN
0,0.0,0.0,949,43.6517,-79.5695,0.42,BS_346,19.94,Fully Served,None,0.0,N/A,TN
0,0.0,0.0,950,44.2612,-76.4172,0.12,BS_603,19.99,Fully Served,None,0.0,N/A,TN
0,0.0,0.0,951,46.4478,-81.0489,4.65,BS_301,20.0,Fully Served,None,0.0,N/A,TN
0,0.0,0.0,953,43.0398,-80.9935,0.41,BS_550,20.0,Fully Served,None,0.0,N/A,TN
0,0.0,0.0,954,46.4049,-83.4823,0.7,None,0.0,No 5G Tower in Geographic Range,Sat_STARLINK-SHELL-1-065-003,300.0,Fully Served,LEO
0,0.0,0.0,955,43.7881,-79.2198,0.57,BS_483,19.7,Fully Served,None,0.0,N/A,TN
0,0.0,0.0,956,44.2084,-76.3395,0.59,BS_597,20.0,Fully Served,None,0.0,N/A,TN
0,0.0,0.0,957,45.0553,-75.5268,0.93,BS_689,19.91,Fully Served,None,0.0,N/A,TN
0,0.0,0.0,959,46.3605,-81.2586,0.92,BS_122,20.0,Fully Served,None,0.0,N/A,TN
0,0.0,0.0,960,43.0383,-80.9881,1.0,BS_550,19.97,Fully Served,None,0.0,N/A,TN
0,0.0,0.0,961,43.2103,-79.084,0.5,None,0.0,No 5G Tower in Geographic Range,Sat_STARLINK-SHELL-2-048-007,297.71,Fully Served,LEO
0,0.0,0.0,962,42.994,-81.2745,0.55,BS_709,19.4,Fully Served,None,0.0,N/A,TN
0,0.0,0.0,963,43.7605,-79.3019,3.72,BS_477,18.68,Fully Served,None,0.0,N/A,TN
0,0.0,0.0,964,43.6607,-79.483,1.0,BS_156,19.81,Fully Served,None,0.0,N/A,TN
0,0.0,0.0,965,43.6433,-79.4048,0.42,BS_170,19.9,Fully Served,None,0.0,N/A,TN
0,0.0,0.0,967,44.217,-76.3264,2.23,BS_597,19.76,Fully Served,None,0.0,N/A,TN
0,0.0,0.0,968,44.9916,-75.7334,0.79,BS_699,100.0,Fully Served,None,0.0,N/A,TN
0,0.0,0.0,969,42.9448,-80.0494,0.67,BS_290,20.0,Fully Served,None,0.0,N/A,TN
0,0.0,0.0,970,43.4214,-80.0175,4.69,BS_352,20.0,Fully Served,None,0.0,N/A,TN
0,0.0,0.0,971,43.4084,-80.0964,0.13,BS_355,20.0,Fully Served,None,0.0,N/A,TN
0,0.0,0.0,972,43.1424,-79.8707,0.87,BS_5,19.38,Fully Served,None,0.0,N/A,TN
0,0.0,0.0,973,46.444,-80.922,0.52,BS_310,19.97,Fully Served,None,0.0,N/A,TN
0,0.0,0.0,974,45.2431,-75.5622,0.95,BS_188,19.86,Fully Served,None,0.0,N/A,TN
0,0.0,0.0,975,43.5188,-79.6165,0.35,BS_336,20.0,Fully Served,None,0.0,N/A,TN
0,0.0,0.0,976,42.9455,-81.3497,0.48,BS_724,18.94,Fully Served,None,0.0,N/A,TN
0,0.0,0.0,977,43.699,-79.457,0.74,BS_167,19.62,Fully Served,None,0.0,N/A,TN
0,0.0,0.0,978,43.0277,-81.188,0.37,BS_244,19.92,Fully Served,None,0.0,N/A,TN
0,0.0,0.0,979,43.001,-81.3485,2.79,BS_60,19.73,Fully Served,None,0.0,N/A,TN
0,0.0,0.0,981,46.555,-80.963,0.65,BS_296,19.66,Fully Served,None,0.0,N/A,TN
0,0.0,0.0,982,45.3533,-75.5544,0.93,BS_268,19.74,Fully Served,None,0.0,N/A,TN
0,0.0,0.0,983,45.3855,-75.3754,0.97,BS_666,19.92,Fully Served,None,0.0,N/A,TN
0,0.0,0.0,984,42.9916,-81.1945,0.53,BS_247,20.0,Fully Served,None,0.0,N/A,TN
0,0.0,0.0,985,43.0299,-81.3363,0.35,BS_53,19.37,Fully Served,None,0.0,N/A,TN
0,0.0,0.0,986,43.7831,-79.3748,0.16,BS_99,19.43,Fully Served,None,0.0,N/A,TN
0,0.0,0.0,987,42.9594,-81.1319,0.75,BS_547,19.95,Fully Served,None,0.0,N/A,TN
0,0.0,0.0,988,42.9877,-81.378,0.35,BS_66,19.83,Fully Served,None,0.0,N/A,TN
0,0.0,0.0,990,46.653,-80.9093,0.49,BS_682,19.93,Fully Served,None,0.0,N/A,TN
0,0.0,0.0,992,43.6078,-79.7474,0.18,BS_744,19.83,Fully Served,None,0.0,N/A,TN
0,0.0,0.0,993,44.4276,-76.5937,0.85,BS_227,19.95,Fully Served,None,0.0,N/A,TN
0,0.0,0.0,994,46.5662,-80.8084,0.67,BS_392,19.94,Fully Served,None,0.0,N/A,TN
0,0.0,0.0,995,43.26,-79.8607,0.95,BS_7,19.35,Fully Served,None,0.0,N/A,TN
0,0.0,0.0,996,45.4727,-75.5083,4.36,BS_278,19.94,Fully Served,None,0.0,N/A,TN
0,0.0,0.0,997,42.9465,-81.3034,2.98,BS_724,19.89,Fully Served,None,0.0,N/A,TN
0,0.0,0.0,998,43.1223,-79.6586,0.68,BS_326,20.0,Fully Served,None,0.0,N/A,TN
0,0.0,0.0,999,43.7555,-79.2308,0.2,BS_480,19.83,Fully Served,None,0.0,N/A,TN
0,0.0,0.0,1000,46.6691,-82.232,0.49,None,0.0,No 5G Tower in Geographic Range,Sat_STARLINK-SHELL-1-065-003,300.0,Fully Served,LEO
0,0.0,0.0,1001,43.7069,-79.4599,3.54,BS_167,19.94,Fully Served,None,0.0,N/A,TN
0,0.0,0.0,1002,44.3686,-76.5726,0.51,BS_230,20.0,Fully Served,None,0.0,N/A,TN
0,0.0,0.0,1003,45.4786,-75.5287,0.54,BS_269,19.82,Fully Served,None,0.0,N/A,TN
0,0.0,0.0,1004,43.1478,-80.9168,3.61,BS_528,100.0,Fully Served,None,0.0,N/A,TN
0,0.0,0.0,1005,45.4714,-75.5276,0.51,BS_269,19.95,Fully Served,None,0.0,N/A,TN
0,0.0,0.0,1007,45.4121,-75.517,2.96,BS_274,20.0,Fully Served,None,0.0,N/A,TN
0,0.0,0.0,1008,43.8846,-79.2794,3.22,BS_727,20.0,Fully Served,None,0.0,N/A,TN
0,0.0,0.0,1009,43.5033,-79.9578,0.43,BS_751,19.97,Fully Served,None,0.0,N/A,TN
0,0.0,0.0,1011,43.3528,-79.7714,0.18,BS_511,19.54,Fully Served,None,0.0,N/A,TN
0,0.0,0.0,1012,43.8645,-79.3498,0.7,BS_92,20.0,Fully Served,None,0.0,N/A,TN
0,0.0,0.0,1013,43.3735,-79.7868,0.54,BS_511,19.46,Fully Served,None,0.0,N/A,TN
0,0.0,0.0,1014,43.4193,-79.8534,0.78,BS_107,19.85,Fully Served,None,0.0,N/A,TN
0,0.0,0.0,1015,43.2517,-80.2125,3.9,BS_570,100.0,Fully Served,None,0.0,N/A,TN
0,0.0,0.0,1016,46.6212,-80.9397,0.39,BS_304,19.82,Fully Served,None,0.0,N/A,TN
0,0.0,0.0,1017,43.7886,-79.1546,0.56,BS_736,19.9,Fully Served,None,0.0,N/A,TN
0,0.0,0.0,1018,43.9812,-79.487,0.35,BS_416,100.0,Fully Served,None,0.0,N/A,TN
0,0.0,0.0,1019,45.3387,-76.0598,0.49,BS_464,19.92,Fully Served,None,0.0,N/A,TN
0,0.0,0.0,1020,46.6229,-80.9659,0.59,BS_304,19.76,Fully Served,None,0.0,N/A,TN
0,0.0,0.0,1022,43.6502,-79.3272,3.52,BS_161,18.84,Fully Served,None,0.0,N/A,TN
0,0.0,0.0,1023,45.4261,-75.435,0.12,BS_661,18.87,Fully Served,None,0.0,N/A,TN
0,0.0,0.0,1024,44.498,-76.5487,4.69,BS_220,19.66,Fully Served,None,0.0,N/A,TN
0,0.0,0.0,1025,43.0437,-81.2982,0.16,BS_238,19.88,Fully Served,None,0.0,N/A,TN
0,0.0,0.0,1026,45.2238,-75.6667,3.95,BS_187,19.83,Fully Served,None,0.0,N/A,TN
0,0.0,0.0,1027,45.2014,-75.7142,2.16,BS_702,99.96,Fully Served,None,0.0,N/A,TN
0,0.0,0.0,1028,43.1653,-79.7756,0.46,BS_8,19.88,Fully Served,None,0.0,N/A,TN
0,0.0,0.0,1029,43.1394,-79.8537,0.31,BS_1,18.34,Fully Served,None,0.0,N/A,TN
0,0.0,0.0,1030,43.2095,-79.8321,0.8,BS_4,19.12,Fully Served,None,0.0,N/A,TN
0,0.0,0.0,1032,43.3271,-81.2969,0.98,BS_440,100.0,Fully Served,None,0.0,N/A,TN
0,0.0,0.0,1033,43.5386,-79.8804,0.16,BS_753,20.0,Fully Served,None,0.0,N/A,TN
0,0.0,0.0,1035,42.7512,-81.23,4.46,BS_207,19.93,Fully Served,None,0.0,N/A,TN
0,0.0,0.0,1036,43.1003,-81.4003,0.99,BS_63,20.0,Fully Served,None,0.0,N/A,TN
0,0.0,0.0,1037,43.0477,-80.0328,0.39,BS_288,19.84,Fully Served,None,0.0,N/A,TN
0,0.0,0.0,1038,43.9554,-79.4425,0.44,BS_408,19.95,Fully Served,None,0.0,N/A,TN
0,0.0,0.0,1041,43.3255,-79.8025,3.02,BS_509,19.72,Fully Served,None,0.0,N/A,TN
0,0.0,0.0,1042,43.6841,-79.5436,0.78,BS_342,18.84,Fully Served,None,0.0,N/A,TN
0,0.0,0.0,1044,43.0218,-81.2848,0.81,BS_715,19.88,Fully Served,None,0.0,N/A,TN
0,0.0,0.0,1045,43.6386,-79.4385,0.79,BS_160,19.91,Fully Served,None,0.0,N/A,TN
0,0.0,0.0,1046,43.0769,-81.1213,0.78,BS_243,19.89,Fully Served,None,0.0,N/A,TN
0,0.0,0.0,1047,46.4204,-81.0806,0.16,BS_127,19.88,Fully Served,None,0.0,N/A,TN
0,0.0,0.0,1048,43.7431,-79.4074,3.19,BS_91,19.89,Fully Served,None,0.0,N/A,TN
0,0.0,0.0,1049,43.051,-79.8054,0.49,BS_387,20.0,Fully Served,None,0.0,N/A,TN
0,0.0,0.0,1050,45.4366,-76.0841,4.46,BS_459,20.0,Fully Served,None,0.0,N/A,TN
0,0.0,0.0,1051,42.9721,-79.8479,0.88,None,0.0,No 5G Tower in Geographic Range,Sat_STARLINK-SHELL-2-048-007,299.94,Fully Served,LEO
0,0.0,0.0,1052,45.2237,-75.8436,0.54,BS_36,19.56,Fully Served,None,0.0,N/A,TN
0,0.0,0.0,1053,43.3524,-79.9905,0.95,BS_115,19.69,Fully Served,None,0.0,N/A,TN
0,0.0,0.0,1054,43.1815,-79.831,0.5,BS_4,18.98,Fully Served,None,0.0,N/A,TN
0,0.0,0.0,1055,44.0173,-79.4311,0.16,BS_412,19.66,Fully Served,None,0.0,N/A,TN
0,0.0,0.0,1056,43.3362,-79.9125,0.18,BS_108,19.07,Fully Served,None,0.0,N/A,TN
0,0.0,0.0,1057,43.3785,-79.7261,0.84,BS_515,19.22,Fully Served,None,0.0,N/A,TN
0,0.0,0.0,1058,44.3109,-76.54,0.77,BS_256,19.95,Fully Served,None,0.0,N/A,TN
0,0.0,0.0,1059,43.6779,-79.5212,0.13,BS_169,20.0,Fully Served,None,0.0,N/A,TN
0,0.0,0.0,1060,44.2168,-76.2234,2.36,BS_599,20.0,Fully Served,None,0.0,N/A,TN
0,0.0,0.0,1061,45.3654,-75.8055,3.15,BS_43,20.0,Fully Served,None,0.0,N/A,TN
0,0.0,0.0,1062,43.2302,-80.0921,2.52,BS_589,19.94,Fully Served,None,0.0,N/A,TN
0,0.0,0.0,1063,43.6779,-79.2846,0.12,BS_481,19.33,Fully Served,None,0.0,N/A,TN
0,0.0,0.0,1065,46.4947,-81.0005,0.14,BS_309,19.89,Fully Served,None,0.0,N/A,TN
0,0.0,0.0,1066,46.3919,-80.9376,0.41,BS_496,19.84,Fully Served,None,0.0,N/A,TN
0,0.0,0.0,1067,43.0713,-79.9759,3.96,BS_380,19.89,Fully Served,None,0.0,N/A,TN
0,0.0,0.0,1068,43.4197,-80.2847,0.53,BS_351,20.0,Fully Served,None,0.0,N/A,TN
0,0.0,0.0,1069,45.2807,-75.7107,0.33,BS_45,19.88,Fully Served,None,0.0,N/A,TN
0,0.0,0.0,1070,46.4676,-81.3949,0.99,None,0.0,No 5G Tower in Geographic Range,Sat_STARLINK-SHELL-2-066-003,299.7,Fully Served,LEO
0,0.0,0.0,1071,46.5537,-80.7585,0.68,BS_395,20.0,Fully Served,None,0.0,N/A,TN
0,0.0,0.0,1072,45.2937,-75.7566,0.31,BS_41,19.78,Fully Served,None,0.0,N/A,TN
0,0.0,0.0,1073,42.8558,-81.4158,0.55,BS_626,19.96,Fully Served,None,0.0,N/A,TN
0,0.0,0.0,1074,43.4099,-79.9996,2.42,BS_352,18.85,Fully Served,None,0.0,N/A,TN
0,0.0,0.0,1075,43.8062,-79.282,2.45,BS_476,19.92,Fully Served,None,0.0,N/A,TN
0,0.0,0.0,1076,44.5045,-76.5662,0.52,BS_220,19.13,Fully Served,None,0.0,N/A,TN
0,0.0,0.0,1077,42.9948,-81.2246,0.41,BS_233,20.0,Fully Served,None,0.0,N/A,TN
0,0.0,0.0,1078,44.3491,-76.458,0.42,BS_67,100.0,Fully Served,None,0.0,N/A,TN
0,0.0,0.0,1079,43.9183,-79.618,0.5,BS_417,100.0,Fully Served,None,0.0,N/A,TN
0,0.0,0.0,1080,43.1048,-81.1417,0.84,BS_236,19.95,Fully Served,None,0.0,N/A,TN
0,0.0,0.0,1081,45.3996,-75.5723,0.62,BS_266,19.44,Fully Served,None,0.0,N/A,TN
0,0.0,0.0,1082,43.5208,-79.6422,0.89,BS_336,19.36,Fully Served,None,0.0,N/A,TN
0,0.0,0.0,1083,43.3793,-79.8867,0.66,BS_111,19.8,Fully Served,None,0.0,N/A,TN
0,0.0,0.0,1084,43.4759,-79.7556,0.32,BS_512,19.92,Fully Served,None,0.0,N/A,TN
0,0.0,0.0,1085,45.41,-76.0457,4.79,None,0.0,No 5G Tower in Geographic Range,Sat_STARLINK-SHELL-1-067-003,299.95,Fully Served,LEO
0,0.0,0.0,1086,45.1459,-75.8731,0.52,BS_40,19.65,Fully Served,None,0.0,N/A,TN
0,0.0,0.0,1087,43.3024,-81.3606,0.97,BS_432,20.0,Fully Served,None,0.0,N/A,TN
0,0.0,0.0,1088,43.2337,-80.1625,0.34,BS_575,100.0,Fully Served,None,0.0,N/A,TN
0,0.0,0.0,1089,46.1735,-81.0524,0.91,BS_124,100.0,Fully Served,None,0.0,N/A,TN
0,0.0,0.0,1090,43.8826,-79.5895,0.35,BS_410,20.0,Fully Served,None,0.0,N/A,TN
0,0.0,0.0,1091,43.1288,-79.9321,0.92,BS_148,19.83,Fully Served,None,0.0,N/A,TN
0,0.0,0.0,1092,43.1518,-79.8216,0.16,BS_1,19.59,Fully Served,None,0.0,N/A,TN
0,0.0,0.0,1093,42.9952,-79.7821,4.05,BS_375,19.93,Fully Served,None,0.0,N/A,TN
0,0.0,0.0,1094,43.7754,-79.2307,0.89,BS_483,19.89,Fully Served,None,0.0,N/A,TN
0,0.0,0.0,1095,43.2559,-80.0289,2.71,BS_153,19.9,Fully Served,None,0.0,N/A,TN
0,0.0,0.0,1096,43.6016,-79.562,0.99,BS_343,19.88,Fully Served,None,0.0,N/A,TN
0,0.0,0.0,1097,49.5035,-81.0442,0.39,None,0.0,No 5G Tower in Geographic Range,Sat_STARLINK-SHELL-1-052-006,300.0,Fully Served,LEO
0,0.0,0.0,1098,46.3992,-81.0942,0.47,BS_123,19.9,Fully Served,None,0.0,N/A,TN
0,0.0,0.0,1100,43.6289,-79.3903,4.18,BS_165,19.87,Fully Served,None,0.0,N/A,TN
0,0.0,0.0,1101,46.4781,-80.9755,0.69,BS_309,19.5,Fully Served,None,0.0,N/A,TN
0,0.0,0.0,1102,43.8284,-79.18,4.14,BS_732,19.39,Fully Served,None,0.0,N/A,TN
0,0.0,0.0,1103,42.8352,-81.2661,0.58,BS_710,19.49,Fully Served,None,0.0,N/A,TN
0,0.0,0.0,1104,45.4625,-75.6438,4.83,BS_637,19.86,Fully Served,None,0.0,N/A,TN
0,0.0,0.0,1105,44.2956,-76.2257,0.33,BS_595,100.0,Fully Served,None,0.0,N/A,TN
0,0.0,0.0,1106,43.4696,-79.7983,0.16,BS_507,19.63,Fully Served,None,0.0,N/A,TN
0,0.0,0.0,1107,43.1814,-80.9729,2.84,BS_517,19.99,Fully Served,None,0.0,N/A,TN
0,0.0,0.0,1108,43.6512,-79.4958,0.53,BS_156,20.0,Fully Served,None,0.0,N/A,TN
0,0.0,0.0,1109,43.7506,-79.5509,0.34,BS_649,20.0,Fully Served,None,0.0,N/A,TN
0,0.0,0.0,1110,42.5034,-81.8787,0.64,None,0.0,No 5G Tower in Geographic Range,Sat_STARLINK-SHELL-2-048-007,300.0,Fully Served,LEO
0,0.0,0.0,1111,46.5451,-80.968,0.93,BS_296,19.57,Fully Served,None,0.0,N/A,TN
0,0.0,0.0,1112,43.7834,-79.364,2.17,BS_99,19.92,Fully Served,None,0.0,N/A,TN
0,0.0,0.0,1113,42.9467,-79.7884,0.88,BS_391,100.0,Fully Served,None,0.0,N/A,TN
0,0.0,0.0,1114,43.7073,-79.2566,0.14,BS_478,19.73,Fully Served,None,0.0,N/A,TN
0,0.0,0.0,1115,43.6537,-79.4203,0.62,BS_170,18.52,Fully Served,None,0.0,N/A,TN
0,0.0,0.0,1116,42.8902,-81.0119,0.89,BS_546,19.9,Fully Served,None,0.0,N/A,TN
0,0.0,0.0,1117,44.3028,-76.6207,0.82,BS_259,19.91,Fully Served,None,0.0,N/A,TN
0,0.0,0.0,1119,43.4342,-79.9656,0.46,BS_105,19.67,Fully Served,None,0.0,N/A,TN
0,0.0,0.0,1120,43.8834,-79.3385,0.88,BS_92,19.84,Fully Served,None,0.0,N/A,TN
0,0.0,0.0,1121,43.0966,-81.4145,0.31,BS_63,19.75,Fully Served,None,0.0,N/A,TN
0,0.0,0.0,1122,43.2346,-81.3737,0.98,BS_431,19.94,Fully Served,None,0.0,N/A,TN
0,0.0,0.0,1123,43.2063,-79.8359,0.53,BS_4,18.86,Fully Served,None,0.0,N/A,TN
0,0.0,0.0,1124,45.3864,-75.9693,0.5,BS_461,100.0,Fully Served,None,0.0,N/A,TN
0,0.0,0.0,1125,46.3975,-80.883,0.83,BS_504,20.0,Fully Served,None,0.0,N/A,TN
0,0.0,0.0,1127,45.4013,-75.5773,4.98,BS_266,20.0,Fully Served,None,0.0,N/A,TN
0,0.0,0.0,1128,42.9234,-81.3452,0.57,BS_708,20.0,Fully Served,None,0.0,N/A,TN
0,0.0,0.0,1129,43.7697,-79.2696,0.36,BS_482,19.66,Fully Served,None,0.0,N/A,TN
0,0.0,0.0,1130,44.0728,-79.2199,0.74,BS_420,100.0,Fully Served,None,0.0,N/A,TN
0,0.0,0.0,1131,42.7557,-81.4935,0.65,BS_622,19.97,Fully Served,None,0.0,N/A,TN
0,0.0,0.0,1133,44.3313,-76.3568,0.39,BS_609,100.0,Fully Served,None,0.0,N/A,TN
0,0.0,0.0,1135,46.6895,-80.9335,0.67,BS_682,19.87,Fully Served,None,0.0,N/A,TN
0,0.0,0.0,1136,43.1171,-81.1485,3.87,BS_236,19.88,Fully Served,None,0.0,N/A,TN
0,0.0,0.0,1137,43.477,-80.4311,0.41,None,0.0,No 5G Tower in Geographic Range,Sat_STARLINK-SHELL-1-066-003,300.0,Fully Served,LEO
0,0.0,0.0,1138,43.2832,-79.9711,0.95,BS_150,19.2,Fully Served,None,0.0,N/A,TN
0,0.0,0.0,1139,42.9137,-81.3469,0.52,BS_708,19.88,Fully Served,None,0.0,N/A,TN
0,0.0,0.0,1140,42.9121,-81.5419,0.6,BS_451,19.85,Fully Served,None,0.0,N/A,TN
0,0.0,0.0,1141,43.7075,-79.5117,2.34,BS_162,19.25,Fully Served,None,0.0,N/A,TN
0,0.0,0.0,1143,46.5433,-81.0444,0.39,BS_311,20.0,Fully Served,None,0.0,N/A,TN
0,0.0,0.0,1144,45.2995,-75.4154,2.46,BS_560,20.0,Fully Served,None,0.0,N/A,TN
0,0.0,0.0,1145,43.0554,-81.2484,3.24,BS_246,18.83,Fully Served,None,0.0,N/A,TN
0,0.0,0.0,1146,43.3838,-80.1723,0.5,BS_353,19.92,Fully Served,None,0.0,N/A,TN
0,0.0,0.0,1148,43.0484,-81.1688,0.58,BS_244,18.91,Fully Served,None,0.0,N/A,TN
0,0.0,0.0,1149,43.1562,-79.7156,0.4,BS_322,19.87,Fully Served,None,0.0,N/A,TN
0,0.0,0.0,1150,43.8323,-79.5381,2.74,BS_644,19.91,Fully Served,None,0.0,N/A,TN
0,0.0,0.0,1151,45.3598,-75.5736,0.1,BS_268,19.63,Fully Served,None,0.0,N/A,TN
0,0.0,0.0,1152,44.4543,-76.5083,4.2,BS_87,20.0,Fully Served,None,0.0,N/A,TN
0,0.0,0.0,1153,43.7808,-79.3515,0.9,BS_99,19.35,Fully Served,None,0.0,N/A,TN
0,0.0,0.0,1154,43.0404,-81.2681,3.3,BS_238,19.86,Fully Served,None,0.0,N/A,TN
0,0.0,0.0,1155,43.0559,-79.3026,0.99,None,0.0,No 5G Tower in Geographic Range,Sat_STARLINK-SHELL-2-048-007,300.0,Fully Served,LEO
0,0.0,0.0,1156,44.7969,-76.1734,0.66,None,0.0,No 5G Tower in Geographic Range,Sat_STARLINK-SHELL-1-067-003,300.0,Fully Served,LEO
0,0.0,0.0,1157,43.1559,-80.0417,0.51,BS_569,18.93,Fully Served,None,0.0,N/A,TN
0,0.0,0.0,1158,45.1049,-76.0052,4.48,BS_465,100.0,Fully Served,None,0.0,N/A,TN
0,0.0,0.0,1159,45.4133,-75.7483,4.01,BS_638,19.68,Fully Served,None,0.0,N/A,TN
0,0.0,0.0,1160,44.1396,-76.6881,0.67,BS_260,19.69,Fully Served,None,0.0,N/A,TN
0,0.0,0.0,1161,42.9981,-79.7237,0.49,BS_315,20.0,Fully Served,None,0.0,N/A,TN
0,0.0,0.0,1162,43.4804,-79.8769,0.92,BS_750,100.0,Fully Served,None,0.0,N/A,TN
0,0.0,0.0,1163,46.9307,-81.11,0.98,BS_675,100.0,Fully Served,None,0.0,N/A,TN
0,0.0,0.0,1164,43.144,-79.8955,0.59,BS_152,19.8,Fully Served,None,0.0,N/A,TN
0,0.0,0.0,1165,43.8227,-79.336,0.18,BS_101,20.0,Fully Served,None,0.0,N/A,TN
0,0.0,0.0,1166,46.3751,-81.1265,0.9,BS_139,19.94,Fully Served,None,0.0,N/A,TN
0,0.0,0.0,1167,45.2495,-75.5779,0.54,BS_188,19.93,Fully Served,None,0.0,N/A,TN
0,0.0,0.0,1168,43.212,-80.0505,0.8,BS_572,19.17,Fully Served,None,0.0,N/A,TN
0,0.0,0.0,1169,43.4329,-80.0057,0.4,BS_352,19.55,Fully Served,None,0.0,N/A,TN
0,0.0,0.0,1170,43.0843,-81.0809,0.99,BS_523,19.72,Fully Served,None,0.0,N/A,TN
0,0.0,0.0,1171,44.3695,-76.7466,0.1,BS_218,19.14,Fully Served,None,0.0,N/A,TN
0,0.0,0.0,1172,42.6965,-81.1277,0.78,BS_198,20.0,Fully Served,None,0.0,N/A,TN
0,0.0,0.0,1173,43.8743,-79.6151,0.71,BS_655,100.0,Fully Served,None,0.0,N/A,TN
0,0.0,0.0,1174,43.9727,-79.1091,0.8,BS_739,100.0,Fully Served,None,0.0,N/A,TN
0,0.0,0.0,1175,43.7511,-79.6444,0.5,BS_643,19.95,Fully Served,None,0.0,N/A,TN
0,0.0,0.0,1176,43.6188,-79.8631,0.14,BS_754,20.0,Fully Served,None,0.0,N/A,TN
0,0.0,0.0,1178,45.1292,-75.8603,0.75,BS_40,19.61,Fully Served,None,0.0,N/A,TN
0,0.0,0.0,1179,44.2372,-76.5323,2.65,BS_264,19.95,Fully Served,None,0.0,N/A,TN
0,0.0,0.0,1180,43.2132,-80.0353,0.14,BS_581,20.0,Fully Served,None,0.0,N/A,TN
0,0.0,0.0,1181,45.3467,-75.8218,0.34,BS_34,18.75,Fully Served,None,0.0,N/A,TN
0,0.0,0.0,1182,43.0938,-81.0617,0.36,BS_523,19.8,Fully Served,None,0.0,N/A,TN
0,0.0,0.0,1183,43.6355,-79.4443,2.33,BS_160,19.83,Fully Served,None,0.0,N/A,TN
0,0.0,0.0,1184,43.2684,-79.9473,0.82,BS_151,19.99,Fully Served,None,0.0,N/A,TN
0,0.0,0.0,1185,43.6934,-79.5935,3.83,BS_335,19.61,Fully Served,None,0.0,N/A,TN
0,0.0,0.0,1186,46.5322,-81.0236,0.15,BS_311,19.5,Fully Served,None,0.0,N/A,TN
0,0.0,0.0,1187,43.5997,-79.55,0.33,BS_343,20.0,Fully Served,None,0.0,N/A,TN
0,0.0,0.0,1188,43.1063,-81.521,0.19,BS_445,19.93,Fully Served,None,0.0,N/A,TN
0,0.0,0.0,1189,46.5048,-81.0439,3.95,BS_307,19.51,Fully Served,None,0.0,N/A,TN
0,0.0,0.0,1190,43.1493,-79.8629,4.38,BS_5,18.88,Fully Served,None,0.0,N/A,TN
0,0.0,0.0,1191,43.2852,-79.9025,4.33,BS_146,20.0,Fully Served,None,0.0,N/A,TN
0,0.0,0.0,1192,43.4889,-79.8477,0.8,BS_510,20.0,Fully Served,None,0.0,N/A,TN
0,0.0,0.0,1193,44.3551,-76.1621,0.41,None,0.0,No 5G Tower in Geographic Range,Sat_STARLINK-SHELL-1-067-003,300.0,Fully Served,LEO
0,0.0,0.0,1194,42.7381,-81.3589,0.56,None,0.0,No 5G Tower in Geographic Range,Sat_STARLINK-SHELL-2-048-007,300.0,Fully Served,LEO
0,0.0,0.0,1195,45.1238,-75.579,0.86,BS_697,20.0,Fully Served,None,0.0,N/A,TN
0,0.0,0.0,1196,43.4094,-79.7816,3.89,BS_506,19.56,Fully Served,None,0.0,N/A,TN
0,0.0,0.0,1197,43.69,-79.4819,0.6,BS_168,19.1,Fully Served,None,0.0,N/A,TN
0,0.0,0.0,1198,43.0765,-79.7593,0.74,BS_319,19.89,Fully Served,None,0.0,N/A,TN
0,0.0,0.0,1199,43.7317,-79.6042,0.89,BS_643,19.87,Fully Served,None,0.0,N/A,TN
0,0.0,0.0,1200,44.8494,-76.462,0.85,None,0.0,No 5G Tower in Geographic Range,Sat_STARLINK-SHELL-1-066-003,300.0,Fully Served,LEO
0,0.0,0.0,1201,42.9896,-81.5185,0.96,BS_454,19.79,Fully Served,None,0.0,N/A,TN
0,0.0,0.0,1202,43.2326,-79.9507,0.32,BS_154,19.12,Fully Served,None,0.0,N/A,TN
0,0.0,0.0,1203,45.372,-75.8601,0.32,BS_32,20.0,Fully Served,None,0.0,N/A,TN
0,0.0,0.0,1204,46.3751,-81.0276,0.98,BS_138,19.9,Fully Served,None,0.0,N/A,TN
0,0.0,0.0,1205,43.0245,-81.282,0.91,BS_238,20.0,Fully Served,None,0.0,N/A,TN
0,0.0,0.0,1206,44.3962,-76.5674,4.85,BS_230,19.94,Fully Served,None,0.0,N/A,TN
0,0.0,0.0,1207,43.3276,-79.9664,0.87,BS_109,19.95,Fully Served,None,0.0,N/A,TN
0,0.0,0.0,1208,43.43,-79.9107,0.71,BS_117,20.0,Fully Served,None,0.0,N/A,TN
0,0.0,0.0,1210,44.4919,-76.6922,4.37,BS_228,20.0,Fully Served,None,0.0,N/A,TN
0,0.0,0.0,1211,44.2132,-76.3473,0.66,BS_597,19.84,Fully Served,None,0.0,N/A,TN
0,0.0,0.0,1212,46.4862,-81.0312,3.16,BS_307,19.95,Fully Served,None,0.0,N/A,TN
0,0.0,0.0,1213,44.3289,-76.7242,0.89,BS_226,20.0,Fully Served,None,0.0,N/A,TN
0,0.0,0.0,1215,45.3336,-76.0953,0.84,BS_464,20.0,Fully Served,None,0.0,N/A,TN
0,0.0,0.0,1216,43.2135,-79.6592,0.12,BS_329,19.88,Fully Served,None,0.0,N/A,TN
0,0.0,0.0,1217,43.3525,-79.8926,0.14,BS_108,19.04,Fully Served,None,0.0,N/A,TN
0,0.0,0.0,1218,43.1156,-81.0145,0.16,BS_519,19.64,Fully Served,None,0.0,N/A,TN
0,0.0,0.0,1219,44.3141,-76.6332,0.99,BS_259,19.8,Fully Served,None,0.0,N/A,TN
0,0.0,0.0,1220,43.275,-81.3156,0.74,BS_432,19.88,Fully Served,None,0.0,N/A,TN
0,0.0,0.0,1221,45.1576,-75.5018,0.92,BS_561,19.96,Fully Served,None,0.0,N/A,TN
0,0.0,0.0,1222,43.6506,-79.3434,0.12,BS_161,20.0,Fully Served,None,0.0,N/A,TN
0,0.0,0.0,1223,43.4848,-79.795,0.51,BS_507,19.59,Fully Served,None,0.0,N/A,TN
0,0.0,0.0,1224,43.6677,-79.3847,0.12,BS_158,19.86,Fully Served,None,0.0,N/A,TN
0,0.0,0.0,1226,43.3009,-80.1028,0.49,BS_358,19.96,Fully Served,None,0.0,N/A,TN
0,0.0,0.0,1227,45.0622,-75.7172,0.98,BS_690,19.9,Fully Served,None,0.0,N/A,TN
0,0.0,0.0,1228,42.9974,-79.7816,0.65,BS_375,19.48,Fully Served,None,0.0,N/A,TN
0,0.0,0.0,1229,46.3911,-81.0094,0.47,BS_138,20.0,Fully Served,None,0.0,N/A,TN
0,0.0,0.0,1230,43.7908,-79.3486,0.92,BS_93,19.77,Fully Served,None,0.0,N/A,TN
0,0.0,0.0,1231,43.0652,-81.2295,0.69,BS_246,19.07,Fully Served,None,0.0,N/A,TN
0,0.0,0.0,1232,43.1433,-79.5046,0.97,BS_327,19.68,Fully Served,None,0.0,N/A,TN
0,0.0,0.0,1233,43.735,-79.462,0.99,BS_159,19.92,Fully Served,None,0.0,N/A,TN
0,0.0,0.0,1234,44.3833,-76.4394,0.18,BS_72,20.0,Fully Served,None,0.0,N/A,TN
0,0.0,0.0,1235,45.4297,-75.5289,4.77,BS_279,19.89,Fully Served,None,0.0,N/A,TN
0,0.0,0.0,1236,43.6561,-79.4614,0.89,BS_175,19.84,Fully Served,None,0.0,N/A,TN
0,0.0,0.0,1237,43.9077,-79.5773,4.97,BS_410,19.97,Fully Served,None,0.0,N/A,TN
0,0.0,0.0,1238,43.1506,-79.9583,0.59,BS_148,19.67,Fully Served,None,0.0,N/A,TN
0,0.0,0.0,1240,43.1068,-79.8216,0.8,BS_381,19.76,Fully Served,None,0.0,N/A,TN
0,0.0,0.0,1241,43.8275,-79.5515,0.95,BS_644,20.0,Fully Served,None,0.0,N/A,TN
0,0.0,0.0,1242,43.2349,-79.8225,0.48,BS_0,19.92,Fully Served,None,0.0,N/A,TN
0,0.0,0.0,1243,45.349,-75.7041,0.85,BS_632,19.7,Fully Served,None,0.0,N/A,TN
0,0.0,0.0,1244,44.3375,-76.6148,0.13,BS_216,19.87,Fully Served,None,0.0,N/A,TN
0,0.0,0.0,1245,43.096,-81.0195,3.27,BS_519,20.0,Fully Served,None,0.0,N/A,TN
0,0.0,0.0,1246,43.0289,-81.141,3.63,BS_235,20.0,Fully Served,None,0.0,N/A,TN
0,0.0,0.0,1247,43.4349,-79.9403,0.82,BS_105,19.63,Fully Served,None,0.0,N/A,TN
0,0.0,0.0,1248,45.1201,-75.4562,0.64,BS_564,19.94,Fully Served,None,0.0,N/A,TN
0,0.0,0.0,1249,43.2376,-79.9375,3.17,BS_149,20.0,Fully Served,None,0.0,N/A,TN
0,0.0,0.0,1250,43.1977,-79.8808,0.61,BS_11,20.0,Fully Served,None,0.0,N/A,TN
0,0.0,0.0,1251,43.3176,-79.9494,0.43,BS_103,19.92,Fully Served,None,0.0,N/A,TN
0,0.0,0.0,1252,42.82,-81.2706,3.29,BS_722,19.74,Fully Served,None,0.0,N/A,TN
0,0.0,0.0,1253,42.9382,-81.0524,0.73,BS_536,19.25,Fully Served,None,0.0,N/A,TN
0,0.0,0.0,1254,43.5814,-79.5751,2.19,BS_338,20.0,Fully Served,None,0.0,N/A,TN
0,0.0,0.0,1255,43.1416,-81.0374,0.66,BS_525,19.97,Fully Served,None,0.0,N/A,TN
0,0.0,0.0,1256,42.9473,-81.3268,0.53,BS_724,20.0,Fully Served,None,0.0,N/A,TN
0,0.0,0.0,1257,43.7019,-79.4965,0.93,BS_162,19.83,Fully Served,None,0.0,N/A,TN
0,0.0,0.0,1258,43.1329,-81.2368,0.41,BS_234,19.59,Fully Served,None,0.0,N/A,TN
0,0.0,0.0,1259,44.4405,-76.426,0.48,BS_79,19.94,Fully Served,None,0.0,N/A,TN
0,0.0,0.0,1260,45.3619,-75.7404,0.63,BS_640,19.81,Fully Served,None,0.0,N/A,TN
0,0.0,0.0,1261,43.2844,-79.9028,0.62,BS_151,19.46,Fully Served,None,0.0,N/A,TN
0,0.0,0.0,1262,43.1758,-79.8644,0.64,BS_5,19.47,Fully Served,None,0.0,N/A,TN
0,0.0,0.0,1263,45.3,-75.9612,0.49,BS_468,20.0,Fully Served,None,0.0,N/A,TN
0,0.0,0.0,1264,43.4645,-79.7826,0.33,BS_507,20.0,Fully Served,None,0.0,N/A,TN
0,0.0,0.0,1265,45.3972,-75.6594,0.52,BS_631,20.0,Fully Served,None,0.0,N/A,TN
0,0.0,0.0,1266,43.8074,-79.5785,0.13,BS_656,19.93,Fully Served,None,0.0,N/A,TN
0,0.0,0.0,1267,45.1824,-75.8665,0.93,BS_42,20.0,Fully Served,None,0.0,N/A,TN
0,0.0,0.0,1268,43.4692,-80.0131,0.32,BS_366,100.0,Fully Served,None,0.0,N/A,TN
0,0.0,0.0,1269,45.2851,-75.5244,0.87,BS_178,19.91,Fully Served,None,0.0,N/A,TN
0,0.0,0.0,1270,44.185,-76.6458,0.16,BS_252,19.85,Fully Served,None,0.0,N/A,TN
0,0.0,0.0,1271,43.1668,-79.6624,0.68,BS_316,19.32,Fully Served,None,0.0,N/A,TN
0,0.0,0.0,1272,43.952,-79.4585,0.52,BS_408,20.0,Fully Served,None,0.0,N/A,TN
0,0.0,0.0,1273,44.2577,-76.5216,0.65,BS_264,19.63,Fully Served,None,0.0,N/A,TN
0,0.0,0.0,1274,46.4043,-81.2024,0.13,BS_141,100.0,Fully Served,None,0.0,N/A,TN
0,0.0,0.0,1275,44.3099,-76.4419,0.93,BS_593,19.81,Fully Served,None,0.0,N/A,TN
0,0.0,0.0,1276,45.2967,-75.8776,0.9,BS_39,20.0,Fully Served,None,0.0,N/A,TN
0,0.0,0.0,1277,43.2506,-79.8525,4.36,BS_7,19.04,Fully Served,None,0.0,N/A,TN
0,0.0,0.0,1278,46.3357,-81.2849,2.27,BS_136,100.0,Fully Served,None,0.0,N/A,TN
0,0.0,0.0,1279,43.4209,-79.916,0.12,BS_117,19.94,Fully Served,None,0.0,N/A,TN
0,0.0,0.0,1280,44.3715,-76.4478,0.36,BS_72,19.06,Fully Served,None,0.0,N/A,TN
0,0.0,0.0,1281,45.3604,-75.7772,0.57,BS_35,19.4,Fully Served,None,0.0,N/A,TN
0,0.0,0.0,1282,45.2289,-75.6463,0.45,BS_187,19.95,Fully Served,None,0.0,N/A,TN
0,0.0,0.0,1283,43.3355,-80.0718,3.88,BS_350,19.8,Fully Served,None,0.0,N/A,TN
0,0.0,0.0,1284,45.4406,-75.4633,3.45,BS_661,19.91,Fully Served,None,0.0,N/A,TN
0,0.0,0.0,1285,44.2075,-76.3809,0.35,BS_610,20.0,Fully Served,None,0.0,N/A,TN
0,0.0,0.0,1286,43.8369,-79.305,0.57,BS_95,20.0,Fully Served,None,0.0,N/A,TN
0,0.0,0.0,1287,43.7135,-79.6751,3.2,BS_344,99.92,Fully Served,None,0.0,N/A,TN
0,0.0,0.0,1288,46.8956,-80.8022,0.78,BS_685,100.0,Fully Served,None,0.0,N/A,TN
0,0.0,0.0,1289,42.8451,-81.1585,0.82,BS_197,19.39,Fully Served,None,0.0,N/A,TN
0,0.0,0.0,1290,43.2288,-79.8344,0.66,BS_0,19.81,Fully Served,None,0.0,N/A,TN
0,0.0,0.0,1291,43.2229,-81.41,0.51,BS_431,20.0,Fully Served,None,0.0,N/A,TN
0,0.0,0.0,1292,46.421,-80.8998,0.33,BS_504,19.92,Fully Served,None,0.0,N/A,TN
0,0.0,0.0,1293,42.9238,-81.1202,0.68,BS_552,20.0,Fully Served,None,0.0,N/A,TN
0,0.0,0.0,1294,43.4819,-79.9749,4.26,BS_113,20.0,Fully Served,None,0.0,N/A,TN
0,0.0,0.0,1295,44.3568,-76.7607,0.86,BS_218,20.0,Fully Served,None,0.0,N/A,TN
0,0.0,0.0,1296,45.3012,-75.6391,0.99,BS_196,20.0,Fully Served,None,0.0,N/A,TN
0,0.0,0.0,1297,43.6676,-79.6142,0.51,BS_345,19.95,Fully Served,None,0.0,N/A,TN
0,0.0,0.0,1298,45.3487,-75.7598,0.83,BS_640,19.56,Fully Served,None,0.0,N/A,TN
0,0.0,0.0,1299,43.2365,-80.3121,0.68,BS_576,100.0,Fully Served,None,0.0,N/A,TN
0,0.0,0.0,1300,42.8402,-81.3804,0.73,BS_618,17.93,Fully Served,None,0.0,N/A,TN
0,0.0,0.0,1301,46.4548,-81.0384,3.3,BS_301,19.46,Fully Served,None,0.0,N/A,TN
0,0.0,0.0,1302,43.0589,-79.9889,0.41,BS_380,20.0,Fully Served,None,0.0,N/A,TN
0,0.0,0.0,1303,43.0951,-80.2127,0.67,BS_287,20.0,Fully Served,None,0.0,N/A,TN
0,0.0,0.0,1304,43.8715,-79.4882,0.65,BS_418,19.99,Fully Served,None,0.0,N/A,TN
0,0.0,0.0,1305,43.3145,-79.9681,0.98,BS_109,19.84,Fully Served,None,0.0,N/A,TN
0,0.0,0.0,1306,42.8416,-81.2503,0.95,BS_710,20.0,Fully Served,None,0.0,N/A,TN
0,0.0,0.0,1307,46.6589,-81.1226,0.82,BS_13,19.91,Fully Served,None,0.0,N/A,TN
0,0.0,0.0,1308,42.9734,-81.4787,0.94,BS_447,20.0,Fully Served,None,0.0,N/A,TN
0,0.0,0.0,1310,42.9331,-80.9454,0.92,BS_545,20.0,Fully Served,None,0.0,N/A,TN
0,0.0,0.0,1311,42.861,-81.285,0.5,BS_714,19.41,Fully Served,None,0.0,N/A,TN
0,0.0,0.0,1312,43.6373,-79.4779,0.39,BS_175,19.9,Fully Served,None,0.0,N/A,TN
0,0.0,0.0,1313,46.0737,-80.7411,0.83,BS_487,100.0,Fully Served,None,0.0,N/A,TN
0,0.0,0.0,1314,43.7674,-79.4698,0.62,BS_172,19.87,Fully Served,None,0.0,N/A,TN
0,0.0,0.0,1315,43.9011,-79.4138,0.85,BS_409,20.0,Fully Served,None,0.0,N/A,TN
0,0.0,0.0,1316,43.2015,-81.4572,0.83,BS_434,20.0,Fully Served,None,0.0,N/A,TN
0,0.0,0.0,1317,43.2906,-80.0441,0.91,BS_363,19.4,Fully Served,None,0.0,N/A,TN
0,0.0,0.0,1318,43.178,-79.999,0.76,BS_569,19.46,Fully Served,None,0.0,N/A,TN
0,0.0,0.0,1320,43.146,-80.1229,0.45,BS_574,19.73,Fully Served,None,0.0,N/A,TN
0,0.0,0.0,1321,44.2479,-76.5731,0.72,BS_264,19.16,Fully Served,None,0.0,N/A,TN
0,0.0,0.0,1322,43.0893,-80.1134,4.66,BS_571,19.67,Fully Served,None,0.0,N/A,TN
0,0.0,0.0,1324,43.6961,-79.4366,0.41,BS_174,19.48,Fully Served,None,0.0,N/A,TN
0,0.0,0.0,1325,44.5183,-76.4874,0.47,BS_69,20.0,Fully Served,None,0.0,N/A,TN
0,0.0,0.0,1326,43.8361,-79.4849,0.71,BS_404,20.0,Fully Served,None,0.0,N/A,TN
0,0.0,0.0,1327,43.7127,-79.2322,0.15,BS_474,19.78,Fully Served,None,0.0,N/A,TN
0,0.0,0.0,1328,42.8941,-81.3913,0.73,BS_721,19.62,Fully Served,None,0.0,N/A,TN
0,0.0,0.0,1330,43.5997,-79.5703,0.59,BS_343,19.98,Fully Served,None,0.0,N/A,TN
0,0.0,0.0,1331,43.0828,-79.768,0.74,BS_319,19.8,Fully Served,None,0.0,N/A,TN
0,0.0,0.0,1333,43.3468,-79.8469,0.85,BS_104,20.0,Fully Served,None,0.0,N/A,TN
0,0.0,0.0,1334,46.6121,-80.9616,0.74,BS_304,19.91,Fully Served,None,0.0,N/A,TN
0,0.0,0.0,1335,44.475,-76.6462,0.49,BS_217,19.83,Fully Served,None,0.0,N/A,TN
0,0.0,0.0,1336,43.6845,-79.3253,0.97,BS_481,19.6,Fully Served,None,0.0,N/A,TN
0,0.0,0.0,1337,45.1404,-75.4931,0.39,BS_561,20.0,Fully Served,None,0.0,N/A,TN
0,0.0,0.0,1340,43.5048,-79.6219,3.19,BS_336,19.69,Fully Served,None,0.0,N/A,TN
0,0.0,0.0,1341,42.7302,-81.0632,0.13,BS_204,100.0,Fully Served,None,0.0,N/A,TN
0,0.0,0.0,1342,44.1444,-76.4875,2.25,BS_253,99.75,Fully Served,None,0.0,N/A,TN
0,0.0,0.0,1343,42.9801,-81.5299,2.47,BS_454,20.0,Fully Served,None,0.0,N/A,TN
0,0.0,0.0,1344,43.2433,-80.0814,3.85,BS_589,19.71,Fully Served,None,0.0,N/A,TN
0,0.0,0.0,1345,43.6755,-79.457,0.4,BS_164,20.0,Fully Served,None,0.0,N/A,TN
0,0.0,0.0,1347,43.2683,-79.8814,0.14,BS_146,18.39,Fully Served,None,0.0,N/A,TN
0,0.0,0.0,1348,45.4288,-75.5556,0.42,BS_271,19.14,Fully Served,None,0.0,N/A,TN
0,0.0,0.0,1349,45.1275,-75.6225,0.69,None,0.0,No 5G Tower in Geographic Range,Sat_STARLINK-SHELL-1-067-003,300.0,Fully Served,LEO
0,0.0,0.0,1350,43.1137,-81.1978,0.66,BS_245,19.97,Fully Served,None,0.0,N/A,TN
0,0.0,0.0,1351,43.8976,-80.3119,0.66,None,0.0,No 5G Tower in Geographic Range,Sat_STARLINK-SHELL-1-066-003,300.0,Fully Served,LEO
0,0.0,0.0,1352,43.2353,-79.8818,0.77,BS_155,18.54,Fully Served,None,0.0,N/A,TN
0,0.0,0.0,1353,45.5125,-76.1932,0.12,None,0.0,No 5G Tower in Geographic Range,Sat_STARLINK-SHELL-1-067-003,300.0,Fully Served,LEO
0,0.0,0.0,1354,44.3212,-76.669,0.19,BS_222,19.94,Fully Served,None,0.0,N/A,TN
0,0.0,0.0,1355,46.617,-81.0565,0.19,BS_20,19.44,Fully Served,None,0.0,N/A,TN
0,0.0,0.0,1356,42.8372,-81.133,0.31,BS_203,20.0,Fully Served,None,0.0,N/A,TN
0,0.0,0.0,1357,43.068,-79.5914,3.57,BS_321,19.84,Fully Served,None,0.0,N/A,TN
0,0.0,0.0,1358,43.087,-79.7275,0.8,BS_319,19.98,Fully Served,None,0.0,N/A,TN
0,0.0,0.0,1359,45.3151,-75.7556,0.19,BS_41,19.71,Fully Served,None,0.0,N/A,TN
0,0.0,0.0,1360,42.8807,-81.3031,0.57,BS_712,19.88,Fully Served,None,0.0,N/A,TN
0,0.0,0.0,1361,45.1615,-75.5931,0.56,BS_181,19.99,Fully Served,None,0.0,N/A,TN
0,0.0,0.0,1362,43.7913,-79.3008,0.75,BS_473,20.0,Fully Served,None,0.0,N/A,TN
0,0.0,0.0,1363,42.8302,-81.3728,0.81,BS_618,19.72,Fully Served,None,0.0,N/A,TN
0,0.0,0.0,1365,45.3264,-75.8133,2.49,BS_34,19.99,Fully Served,None,0.0,N/A,TN
0,0.0,0.0,1366,42.9855,-80.0215,0.84,BS_286,100.0,Fully Served,None,0.0,N/A,TN
0,0.0,0.0,1367,43.3474,-80.1593,0.57,BS_361,20.0,Fully Served,None,0.0,N/A,TN
0,0.0,0.0,1368,42.9935,-81.349,0.65,BS_60,19.83,Fully Served,None,0.0,N/A,TN
0,0.0,0.0,1369,45.2789,-75.7661,0.31,BS_41,19.93,Fully Served,None,0.0,N/A,TN
0,0.0,0.0,1371,43.8032,-79.2282,0.63,BS_733,20.0,Fully Served,None,0.0,N/A,TN
0,0.0,0.0,1372,43.7346,-79.3536,0.49,BS_479,18.95,Fully Served,None,0.0,N/A,TN
0,0.0,0.0,1373,45.3255,-75.6241,2.46,BS_184,19.93,Fully Served,None,0.0,N/A,TN
0,0.0,0.0,1374,43.7054,-79.5578,0.58,BS_651,20.0,Fully Served,None,0.0,N/A,TN
0,0.0,0.0,1375,43.1701,-80.114,0.74,BS_574,19.91,Fully Served,None,0.0,N/A,TN
0,0.0,0.0,1376,43.9861,-79.1611,3.37,None,0.0,No 5G Tower in Geographic Range,Sat_STARLINK-SHELL-1-066-003,300.0,Fully Served,LEO
0,0.0,0.0,1377,45.0511,-75.7862,2.96,BS_703,100.0,Fully Served,None,0.0,N/A,TN
0,0.0,0.0,1378,44.1229,-76.7755,3.08,None,0.0,No 5G Tower in Geographic Range,Sat_STARLINK-SHELL-1-066-003,300.0,Fully Served,LEO
0,0.0,0.0,1379,42.9567,-81.4903,0.71,BS_447,19.91,Fully Served,None,0.0,N/A,TN
0,0.0,0.0,1380,44.0306,-79.2901,0.48,BS_424,20.0,Fully Served,None,0.0,N/A,TN
0,0.0,0.0,1381,46.5851,-81.1997,0.76,BS_24,19.61,Fully Served,None,0.0,N/A,TN
0,0.0,0.0,1382,43.0176,-81.3738,0.58,BS_60,19.99,Fully Served,None,0.0,N/A,TN
0,0.0,0.0,1383,43.024,-79.9703,4.05,BS_388,20.0,Fully Served,None,0.0,N/A,TN
0,0.0,0.0,1384,43.6418,-79.4368,0.43,BS_160,19.95,Fully Served,None,0.0,N/A,TN
0,0.0,0.0,1385,43.8625,-79.3804,0.49,BS_96,19.48,Fully Served,None,0.0,N/A,TN
0,0.0,0.0,1386,45.3781,-75.7428,0.85,BS_636,20.0,Fully Served,None,0.0,N/A,TN
0,0.0,0.0,1387,43.5197,-79.613,3.17,BS_336,19.98,Fully Served,None,0.0,N/A,TN
0,0.0,0.0,1388,45.3238,-75.6685,0.51,BS_635,19.94,Fully Served,None,0.0,N/A,TN
0,0.0,0.0,1389,45.3999,-75.6758,2.35,BS_641,19.38,Fully Served,None,0.0,N/A,TN
0,0.0,0.0,1390,45.3656,-75.7429,0.66,BS_630,19.86,Fully Served,None,0.0,N/A,TN
0,0.0,0.0,1391,43.0638,-81.4183,0.13,BS_61,19.9,Fully Served,None,0.0,N/A,TN
0,0.0,0.0,1392,43.8398,-79.5471,3.0,BS_644,19.64,Fully Served,None,0.0,N/A,TN
0,0.0,0.0,1393,43.8714,-79.2805,3.14,BS_727,19.71,Fully Served,None,0.0,N/A,TN
0,0.0,0.0,1394,43.541,-79.8605,0.58,BS_753,19.91,Fully Served,None,0.0,N/A,TN
0,0.0,0.0,1395,43.0357,-79.8463,2.61,BS_389,19.25,Fully Served,None,0.0,N/A,TN
0,0.0,0.0,1396,46.3743,-81.3142,3.83,BS_142,100.0,Fully Served,None,0.0,N/A,TN
0,0.0,0.0,1397,43.6672,-79.5068,2.44,BS_169,19.84,Fully Served,None,0.0,N/A,TN
0,0.0,0.0,1398,45.3005,-75.7593,0.71,BS_41,20.0,Fully Served,None,0.0,N/A,TN
0,0.0,0.0,1399,46.4757,-81.152,0.72,BS_14,20.0,Fully Served,None,0.0,N/A,TN
0,0.0,0.0,1401,43.9728,-79.458,0.35,BS_408,19.91,Fully Served,None,0.0,N/A,TN
0,0.0,0.0,1402,44.0215,-79.5565,0.94,None,0.0,No 5G Tower in Geographic Range,Sat_STARLINK-SHELL-1-066-003,300.0,Fully Served,LEO
0,0.0,0.0,1403,43.5512,-79.8266,0.19,BS_748,19.94,Fully Served,None,0.0,N/A,TN
0,0.0,0.0,1404,43.4181,-79.7674,0.44,BS_506,19.84,Fully Served,None,0.0,N/A,TN
0,0.0,0.0,1405,43.4071,-81.1895,0.65,BS_430,100.0,Fully Served,None,0.0,N/A,TN
0,0.0,0.0,1406,43.3829,-80.1756,0.72,BS_353,20.0,Fully Served,None,0.0,N/A,TN
0,0.0,0.0,1407,46.4444,-80.8341,0.38,BS_488,19.96,Fully Served,None,0.0,N/A,TN
0,0.0,0.0,1408,44.2749,-76.2995,0.75,BS_598,20.0,Fully Served,None,0.0,N/A,TN
0,0.0,0.0,1409,43.7628,-79.3183,3.97,BS_477,20.0,Fully Served,None,0.0,N/A,TN
0,0.0,0.0,1410,43.8561,-79.3511,0.93,BS_92,19.95,Fully Served,None,0.0,N/A,TN
0,0.0,0.0,1411,43.339,-79.8248,0.72,BS_509,20.0,Fully Served,None,0.0,N/A,TN
0,0.0,0.0,1412,44.4351,-76.5964,0.89,BS_227,19.9,Fully Served,None,0.0,N/A,TN
0,0.0,0.0,1413,43.1272,-80.1182,2.61,None,0.0,No 5G Tower in Geographic Range,Sat_STARLINK-SHELL-2-048-007,300.0,Fully Served,LEO
0,0.0,0.0,1414,45.3033,-75.6788,1.0,BS_635,19.18,Fully Served,None,0.0,N/A,TN
0,0.0,0.0,1415,43.7222,-79.2931,0.87,BS_478,19.31,Fully Served,None,0.0,N/A,TN
0,0.0,0.0,1416,42.725,-81.6823,0.55,BS_619,100.0,Fully Served,None,0.0,N/A,TN
0,0.0,0.0,1417,43.673,-79.5298,1.0,BS_342,18.98,Fully Served,None,0.0,N/A,TN
0,0.0,0.0,1418,45.3275,-75.5934,4.38,BS_180,20.0,Fully Served,None,0.0,N/A,TN
0,0.0,0.0,1419,43.3189,-79.9205,4.26,BS_103,19.86,Fully Served,None,0.0,N/A,TN
0,0.0,0.0,1420,50.8491,-83.2549,0.2,None,0.0,No 5G Tower in Geographic Range,Sat_STARLINK-SHELL-1-061-004,300.0,Fully Served,LEO
0,0.0,0.0,1421,43.1735,-80.1548,0.94,BS_574,19.84,Fully Served,None,0.0,N/A,TN
0,0.0,0.0,1422,43.781,-79.5853,0.17,BS_654,20.0,Fully Served,None,0.0,N/A,TN
0,0.0,0.0,1423,43.0327,-80.1133,0.5,None,0.0,No 5G Tower in Geographic Range,Sat_STARLINK-SHELL-2-048-007,300.0,Fully Served,LEO
0,0.0,0.0,1424,46.5324,-80.866,0.39,BS_299,19.7,Fully Served,None,0.0,N/A,TN
0,0.0,0.0,1425,43.5117,-79.9932,0.49,BS_746,100.0,Fully Served,None,0.0,N/A,TN
0,0.0,0.0,1426,47.263,-81.0375,0.57,None,0.0,No 5G Tower in Geographic Range,Sat_STARLINK-SHELL-2-066-003,300.0,Fully Served,LEO
0,0.0,0.0,1427,43.101,-81.1381,0.55,BS_236,19.44,Fully Served,None,0.0,N/A,TN
0,0.0,0.0,1428,43.8087,-79.5293,0.64,BS_657,19.13,Fully Served,None,0.0,N/A,TN
0,0.0,0.0,1429,43.1372,-81.0899,3.05,BS_526,19.97,Fully Served,None,0.0,N/A,TN
0,0.0,0.0,1432,43.6362,-79.496,0.43,BS_156,19.59,Fully Served,None,0.0,N/A,TN
0,0.0,0.0,1433,43.7837,-79.2453,0.91,BS_483,20.0,Fully Served,None,0.0,N/A,TN
0,0.0,0.0,1434,43.4034,-80.0428,4.4,BS_360,19.96,Fully Served,None,0.0,N/A,TN
0,0.0,0.0,1435,45.0927,-75.7165,3.69,BS_690,19.8,Fully Served,None,0.0,N/A,TN
0,0.0,0.0,1436,42.9635,-81.1894,0.9,BS_716,19.77,Fully Served,None,0.0,N/A,TN
0,0.0,0.0,1437,43.8758,-79.3896,4.6,BS_96,20.0,Fully Served,None,0.0,N/A,TN
0,0.0,0.0,1439,46.5127,-80.987,0.88,BS_302,19.86,Fully Served,None,0.0,N/A,TN
0,0.0,0.0,1440,43.215,-79.7235,0.67,BS_2,19.98,Fully Served,None,0.0,N/A,TN
0,0.0,0.0,1441,45.423,-75.6943,0.77,BS_641,19.52,Fully Served,None,0.0,N/A,TN
0,0.0,0.0,1443,43.3021,-80.1726,3.0,None,0.0,No 5G Tower in Geographic Range,Sat_STARLINK-SHELL-2-048-007,300.0,Fully Served,LEO
0,0.0,0.0,1444,42.9038,-81.413,0.12,BS_616,19.95,Fully Served,None,0.0,N/A,TN
0,0.0,0.0,1445,44.2162,-76.5223,0.39,BS_257,19.8,Fully Served,None,0.0,N/A,TN
0,0.0,0.0,1446,43.9648,-79.5849,3.72,BS_415,100.0,Fully Served,None,0.0,N/A,TN
0,0.0,0.0,1447,45.2798,-75.5813,0.91,BS_193,19.87,Fully Served,None,0.0,N/A,TN
0,0.0,0.0,1448,45.5148,-80.2155,0.39,None,0.0,No 5G Tower in Geographic Range,Sat_STARLINK-SHELL-1-066-003,300.0,Fully Served,LEO
0,0.0,0.0,1449,43.8259,-79.3118,2.09,BS_95,19.92,Fully Served,None,0.0,N/A,TN
0,0.0,0.0,1450,43.1893,-79.7921,0.75,BS_10,19.94,Fully Served,None,0.0,N/A,TN
0,0.0,0.0,1451,42.7359,-81.0606,0.7,BS_204,99.99,Fully Served,None,0.0,N/A,TN
0,0.0,0.0,1452,43.4124,-79.7509,0.74,BS_506,19.68,Fully Served,None,0.0,N/A,TN
0,0.0,0.0,1453,42.9386,-81.1811,0.33,BS_716,19.82,Fully Served,None,0.0,N/A,TN
0,0.0,0.0,1454,43.7082,-79.7683,0.11,BS_747,19.99,Fully Served,None,0.0,N/A,TN
0,0.0,0.0,1456,43.1012,-80.1012,0.6,BS_571,19.75,Fully Served,None,0.0,N/A,TN
0,0.0,0.0,1458,43.0495,-81.1951,0.6,BS_244,20.0,Fully Served,None,0.0,N/A,TN
0,0.0,0.0,1459,46.6721,-80.9286,0.18,BS_682,20.0,Fully Served,None,0.0,N/A,TN
0,0.0,0.0,1460,43.7082,-79.384,0.96,BS_166,19.25,Fully Served,None,0.0,N/A,TN
0,0.0,0.0,1461,42.8632,-81.0881,0.65,BS_540,19.98,Fully Served,None,0.0,N/A,TN
0,0.0,0.0,1462,44.3042,-76.6976,0.2,BS_226,19.88,Fully Served,None,0.0,N/A,TN
0,0.0,0.0,1463,46.7846,-80.8432,0.76,BS_680,100.0,Fully Served,None,0.0,N/A,TN
0,0.0,0.0,1464,44.1428,-76.4265,0.44,BS_604,19.51,Fully Served,None,0.0,N/A,TN
0,0.0,0.0,1465,43.3423,-80.1902,0.89,BS_361,19.54,Fully Served,None,0.0,N/A,TN
0,0.0,0.0,1466,43.1783,-79.9867,0.43,BS_147,20.0,Fully Served,None,0.0,N/A,TN
0,0.0,0.0,1467,43.3007,-79.967,4.47,BS_109,19.69,Fully Served,None,0.0,N/A,TN
0,0.0,0.0,1468,45.3402,-75.5765,0.44,BS_189,19.99,Fully Served,None,0.0,N/A,TN
0,0.0,0.0,1469,43.1464,-79.8544,0.94,BS_1,19.69,Fully Served,None,0.0,N/A,TN
0,0.0,0.0,1470,44.3703,-76.4962,0.76,BS_261,19.86,Fully Served,None,0.0,N/A,TN
0,0.0,0.0,1472,45.4078,-75.3763,0.87,BS_666,20.0,Fully Served,None,0.0,N/A,TN
0,0.0,0.0,1473,46.7838,-81.0839,0.91,BS_681,100.0,Fully Served,None,0.0,N/A,TN
0,0.0,0.0,1474,43.707,-79.3659,0.11,BS_166,19.92,Fully Served,None,0.0,N/A,TN
0,0.0,0.0,1475,42.9141,-81.4266,0.47,BS_62,19.63,Fully Served,None,0.0,N/A,TN
0,0.0,0.0,1476,43.3939,-80.0296,0.52,BS_360,20.0,Fully Served,None,0.0,N/A,TN
0,0.0,0.0,1477,43.0654,-81.7069,0.35,None,0.0,No 5G Tower in Geographic Range,Sat_STARLINK-SHELL-2-048-007,300.0,Fully Served,LEO
0,0.0,0.0,1478,45.3767,-75.7503,0.35,BS_636,19.93,Fully Served,None,0.0,N/A,TN
0,0.0,0.0,1479,44.2337,-76.5053,0.37,BS_257,20.0,Fully Served,None,0.0,N/A,TN
0,0.0,0.0,1480,45.2909,-75.7698,0.86,BS_41,19.89,Fully Served,None,0.0,N/A,TN
0,0.0,0.0,1481,43.1403,-79.7439,3.26,BS_333,20.0,Fully Served,None,0.0,N/A,TN
0,0.0,0.0,1482,45.4586,-75.6613,0.42,BS_637,19.98,Fully Served,None,0.0,N/A,TN
0,0.0,0.0,1483,44.4007,-76.4517,4.73,BS_72,19.98,Fully Served,None,0.0,N/A,TN
0,0.0,0.0,1484,43.1756,-79.8486,0.9,BS_5,17.45,Fully Served,None,0.0,N/A,TN
0,0.0,0.0,1485,43.0308,-81.4129,0.36,BS_64,19.65,Fully Served,None,0.0,N/A,TN
0,0.0,0.0,1486,43.329,-79.8769,0.71,BS_112,19.25,Fully Served,None,0.0,N/A,TN
0,0.0,0.0,1487,43.3503,-79.975,0.42,BS_115,19.75,Fully Served,None,0.0,N/A,TN
0,0.0,0.0,1488,45.2626,-75.6267,0.71,BS_179,20.0,Fully Served,None,0.0,N/A,TN
0,0.0,0.0,1489,43.2763,-79.9293,0.17,BS_151,20.0,Fully Served,None,0.0,N/A,TN
0,0.0,0.0,1490,43.1555,-80.0886,0.86,BS_583,19.65,Fully Served,None,0.0,N/A,TN
0,0.0,0.0,1491,44.284,-76.3627,0.43,BS_614,20.0,Fully Served,None,0.0,N/A,TN
0,0.0,0.0,1492,43.1985,-79.9299,0.37,BS_145,19.95,Fully Served,None,0.0,N/A,TN
0,0.0,0.0,1493,44.2988,-76.5284,4.78,BS_256,19.85,Fully Served,None,0.0,N/A,TN
0,0.0,0.0,1494,42.9792,-81.0314,0.46,BS_548,20.0,Fully Served,None,0.0,N/A,TN
0,0.0,0.0,1495,43.0912,-80.1392,0.45,BS_571,19.02,Fully Served,None,0.0,N/A,TN
0,0.0,0.0,1496,43.8345,-79.4781,0.55,BS_404,19.94,Fully Served,None,0.0,N/A,TN
0,0.0,0.0,1497,43.1674,-79.7449,0.7,BS_3,20.0,Fully Served,None,0.0,N/A,TN
0,0.0,0.0,1498,44.6975,-76.4068,0.14,BS_70,100.0,Fully Served,None,0.0,N/A,TN
0,0.0,0.0,1499,45.2716,-75.8412,0.54,BS_36,19.48,Fully Served,None,0.0,N/A,TN
0,0.0,0.0,1500,43.6435,-79.3475,3.25,BS_161,19.37,Fully Served,None,0.0,N/A,TN
0,0.0,0.0,1501,43.0069,-81.3473,0.11,BS_60,20.0,Fully Served,None,0.0,N/A,TN
0,0.0,0.0,1502,43.1081,-80.0795,0.48,BS_586,20.0,Fully Served,None,0.0,N/A,TN
0,0.0,0.0,1503,43.3963,-79.8867,0.95,BS_111,19.94,Fully Served,None,0.0,N/A,TN
0,0.0,0.0,1504,43.018,-81.2514,0.37,BS_249,19.95,Fully Served,None,0.0,N/A,TN
0,0.0,0.0,1505,43.0776,-81.1671,3.26,BS_248,20.0,Fully Served,None,0.0,N/A,TN
0,0.0,0.0,1506,45.2757,-75.7966,2.63,BS_31,19.69,Fully Served,None,0.0,N/A,TN
0,0.0,0.0,1507,42.9974,-79.7781,0.84,BS_375,20.0,Fully Served,None,0.0,N/A,TN
0,0.0,0.0,1508,43.1999,-79.8471,0.16,BS_4,19.15,Fully Served,None,0.0,N/A,TN
0,0.0,0.0,1509,42.8395,-80.9953,0.13,BS_555,20.0,Fully Served,None,0.0,N/A,TN
0,0.0,0.0,1510,43.3879,-79.7443,0.37,BS_515,19.99,Fully Served,None,0.0,N/A,TN
0,0.0,0.0,1511,43.0586,-79.8691,0.83,BS_389,20.0,Fully Served,None,0.0,N/A,TN
0,0.0,0.0,1512,43.1475,-79.6942,0.61,BS_322,20.0,Fully Served,None,0.0,N/A,TN
0,0.0,0.0,1513,43.5248,-79.9195,0.65,BS_751,19.88,Fully Served,None,0.0,N/A,TN
0,0.0,0.0,1514,46.62,-80.9609,0.88,BS_304,20.0,Fully Served,None,0.0,N/A,TN
0,0.0,0.0,1515,46.7294,-80.9732,0.11,BS_687,100.0,Fully Served,None,0.0,N/A,TN
0,0.0,0.0,1516,43.1286,-81.1083,0.12,BS_526,20.0,Fully Served,None,0.0,N/A,TN
0,0.0,0.0,1517,43.8251,-79.1554,0.31,BS_736,19.95,Fully Served,None,0.0,N/A,TN
0,0.0,0.0,1518,46.7321,-80.8307,0.46,BS_684,100.0,Fully Served,None,0.0,N/A,TN
0,0.0,0.0,1519,45.2658,-75.787,0.44,BS_31,20.0,Fully Served,None,0.0,N/A,TN
0,0.0,0.0,1520,46.1318,-81.0262,0.85,None,0.0,No 5G Tower in Geographic Range,Sat_STARLINK-SHELL-2-066-003,300.0,Fully Served,LEO
0,0.0,0.0,1521,43.0881,-80.1083,0.11,BS_571,19.76,Fully Served,None,0.0,N/A,TN
0,0.0,0.0,1522,43.1432,-79.752,0.97,BS_333,19.68,Fully Served,None,0.0,N/A,TN
0,0.0,0.0,1523,43.1647,-81.1183,0.48,BS_520,19.93,Fully Served,None,0.0,N/A,TN
0,0.0,0.0,1524,43.2696,-79.8398,3.43,BS_7,19.89,Fully Served,None,0.0,N/A,TN
0,0.0,0.0,1525,42.9275,-81.1594,0.16,BS_539,20.0,Fully Served,None,0.0,N/A,TN
0,0.0,0.0,1526,45.4213,-75.4889,0.15,BS_265,19.85,Fully Served,None,0.0,N/A,TN
0,0.0,0.0,1527,46.6697,-81.2302,0.15,BS_15,20.0,Fully Served,None,0.0,N/A,TN
0,0.0,0.0,1528,43.7955,-79.2373,0.46,BS_483,18.98,Fully Served,None,0.0,N/A,TN
0,0.0,0.0,1529,43.2721,-79.8056,2.32,BS_9,19.69,Fully Served,None,0.0,N/A,TN
0,0.0,0.0,1530,43.1981,-79.9561,0.64,BS_154,18.93,Fully Served,None,0.0,N/A,TN
0,0.0,0.0,1531,43.7537,-79.5413,0.54,BS_649,19.69,Fully Served,None,0.0,N/A,TN
0,0.0,0.0,1532,44.2238,-76.2521,3.64,BS_599,19.83,Fully Served,None,0.0,N/A,TN
0,0.0,0.0,1533,43.0945,-81.0663,3.38,BS_523,20.0,Fully Served,None,0.0,N/A,TN
0,0.0,0.0,1534,43.2298,-80.1551,0.44,BS_575,99.97,Fully Served,None,0.0,N/A,TN
0,0.0,0.0,1535,43.1624,-81.3386,0.78,BS_433,19.42,Fully Served,None,0.0,N/A,TN
0,0.0,0.0,1536,43.2228,-80.0297,0.9,BS_572,19.32,Fully Served,None,0.0,N/A,TN
0,0.0,0.0,1537,42.9911,-80.1413,0.55,BS_284,20.0,Fully Served,None,0.0,N/A,TN
0,0.0,0.0,1539,43.0597,-80.1247,0.12,None,0.0,No 5G Tower in Geographic Range,Sat_STARLINK-SHELL-2-048-007,299.68,Fully Served,LEO
0,0.0,0.0,1540,42.9664,-81.2042,0.6,BS_725,19.68,Fully Served,None,0.0,N/A,TN
0,0.0,0.0,1542,42.9917,-81.2684,0.86,BS_249,19.87,Fully Served,None,0.0,N/A,TN
0,0.0,0.0,1543,44.3075,-76.5028,1.0,BS_250,19.82,Fully Served,None,0.0,N/A,TN
0,0.0,0.0,1544,43.2472,-79.9439,0.63,BS_149,18.93,Fully Served,None,0.0,N/A,TN
0,0.0,0.0,1545,43.1982,-79.7806,3.99,BS_10,19.87,Fully Served,None,0.0,N/A,TN
0,0.0,0.0,1546,43.4256,-79.9043,0.81,BS_117,19.93,Fully Served,None,0.0,N/A,TN
0,0.0,0.0,1547,43.344,-79.7803,2.8,BS_511,19.88,Fully Served,None,0.0,N/A,TN
0,0.0,0.0,1549,45.3954,-75.6539,0.4,BS_631,19.88,Fully Served,None,0.0,N/A,TN
0,0.0,0.0,1550,43.323,-80.0209,0.42,BS_357,19.91,Fully Served,None,0.0,N/A,TN
0,0.0,0.0,1552,43.7857,-79.4504,4.99,BS_97,19.96,Fully Served,None,0.0,N/A,TN
0,0.0,0.0,1553,43.8165,-79.3605,4.25,BS_101,18.91,Fully Served,None,0.0,N/A,TN
0,0.0,0.0,1554,42.7889,-81.5115,0.61,BS_617,19.93,Fully Served,None,0.0,N/A,TN
0,0.0,0.0,1555,43.217,-79.8012,2.16,BS_0,19.38,Fully Served,None,0.0,N/A,TN
0,0.0,0.0,1556,46.6319,-80.8466,0.92,BS_398,100.0,Fully Served,None,0.0,N/A,TN
0,0.0,0.0,1557,45.3128,-75.5323,4.95,BS_183,19.54,Fully Served,None,0.0,N/A,TN
0,0.0,0.0,1558,46.4919,-81.0007,0.97,BS_309,20.0,Fully Served,None,0.0,N/A,TN
0,0.0,0.0,1559,43.1799,-79.7794,0.56,BS_10,18.55,Fully Served,None,0.0,N/A,TN
0,0.0,0.0,1560,43.6578,-79.4671,0.31,BS_160,19.52,Fully Served,None,0.0,N/A,TN
0,0.0,0.0,1562,45.428,-75.5505,3.67,BS_271,20.0,Fully Served,None,0.0,N/A,TN
0,0.0,0.0,1563,43.727,-79.39,0.97,BS_163,19.78,Fully Served,None,0.0,N/A,TN
0,0.0,0.0,1564,43.6851,-79.4218,0.4,BS_174,19.66,Fully Served,None,0.0,N/A,TN
0,0.0,0.0,1565,43.8071,-79.4195,0.7,BS_102,19.53,Fully Served,None,0.0,N/A,TN
0,0.0,0.0,1566,43.2123,-81.338,0.14,BS_439,20.0,Fully Served,None,0.0,N/A,TN
0,0.0,0.0,1567,43.7711,-79.6915,0.91,BS_646,19.5,Fully Served,None,0.0,N/A,TN
0,0.0,0.0,1568,43.5983,-79.654,0.33,BS_347,19.98,Fully Served,None,0.0,N/A,TN
0,0.0,0.0,1569,46.5795,-81.0217,0.67,BS_306,19.64,Fully Served,None,0.0,N/A,TN
0,0.0,0.0,1570,43.2698,-79.8549,0.8,BS_7,19.44,Fully Served,None,0.0,N/A,TN
0,0.0,0.0,1572,43.9066,-79.4798,0.77,BS_406,19.94,Fully Served,None,0.0,N/A,TN
0,0.0,0.0,1573,43.7149,-79.3312,0.66,BS_475,19.79,Fully Served,None,0.0,N/A,TN
0,0.0,0.0,1574,42.7656,-81.3176,0.44,BS_620,19.9,Fully Served,None,0.0,N/A,TN
0,0.0,0.0,1575,43.6298,-79.3951,0.99,BS_165,19.97,Fully Served,None,0.0,N/A,TN
0,0.0,0.0,1577,43.9251,-79.1115,0.97,BS_738,100.0,Fully Served,None,0.0,N/A,TN
0,0.0,0.0,1578,44.2633,-76.432,0.13,BS_603,20.0,Fully Served,None,0.0,N/A,TN
0,0.0,0.0,1579,43.2763,-80.0644,3.89,BS_585,100.0,Fully Served,None,0.0,N/A,TN
0,0.0,0.0,1580,43.6927,-79.4184,3.4,BS_174,19.97,Fully Served,None,0.0,N/A,TN
0,0.0,0.0,1581,43.1371,-79.5183,2.96,BS_317,19.72,Fully Served,None,0.0,N/A,TN
0,0.0,0.0,1582,43.1646,-80.0189,3.06,BS_569,20.0,Fully Served,None,0.0,N/A,TN
0,0.0,0.0,1583,43.1965,-79.9625,0.35,BS_154,18.82,Fully Served,None,0.0,N/A,TN
0,0.0,0.0,1584,45.2484,-75.2563,0.36,BS_562,100.0,Fully Served,None,0.0,N/A,TN
0,0.0,0.0,1587,45.1825,-75.7746,4.54,BS_37,19.99,Fully Served,None,0.0,N/A,TN
0,0.0,0.0,1588,42.9935,-81.3713,0.97,BS_66,19.93,Fully Served,None,0.0,N/A,TN
0,0.0,0.0,1589,43.4044,-80.142,0.68,BS_367,20.0,Fully Served,None,0.0,N/A,TN
0,0.0,0.0,1590,44.1206,-76.4474,4.5,BS_608,100.0,Fully Served,None,0.0,N/A,TN
0,0.0,0.0,1592,43.0984,-79.7036,3.36,BS_323,20.0,Fully Served,None,0.0,N/A,TN
0,0.0,0.0,1593,46.5531,-81.0215,0.59,BS_311,19.6,Fully Served,None,0.0,N/A,TN
0,0.0,0.0,1594,45.39,-75.5565,0.94,BS_281,20.0,Fully Served,None,0.0,N/A,TN
0,0.0,0.0,1595,43.1958,-79.9458,0.97,BS_145,19.57,Fully Served,None,0.0,N/A,TN
0,0.0,0.0,1596,43.9294,-79.2323,0.33,BS_425,19.91,Fully Served,None,0.0,N/A,TN
0,0.0,0.0,1597,43.1574,-79.7668,0.62,BS_8,19.13,Fully Served,None,0.0,N/A,TN
0,0.0,0.0,1598,45.3289,-75.8741,0.37,None,0.0,No 5G Tower in Geographic Range,Sat_STARLINK-SHELL-1-067-003,300.0,Fully Served,LEO
0,0.0,0.0,1599,43.7507,-79.4818,0.15,BS_176,19.27,Fully Served,None,0.0,N/A,TN
0,0.0,0.0,1600,45.1294,-75.4572,0.97,BS_564,20.0,Fully Served,None,0.0,N/A,TN
0,0.0,0.0,1601,43.396,-79.9198,0.51,BS_119,20.0,Fully Served,None,0.0,N/A,TN
0,0.0,0.0,1602,43.9854,-79.5406,0.57,BS_405,20.0,Fully Served,None,0.0,N/A,TN
0,0.0,0.0,1603,43.3189,-79.8386,0.89,BS_112,19.93,Fully Served,None,0.0,N/A,TN
0,0.0,0.0,1604,43.721,-79.5739,0.76,BS_651,19.57,Fully Served,None,0.0,N/A,TN
0,0.0,0.0,1605,42.8839,-81.1861,0.75,BS_723,19.75,Fully Served,None,0.0,N/A,TN
0,0.0,0.0,1606,46.387,-81.1099,0.14,BS_139,19.85,Fully Served,None,0.0,N/A,TN
0,0.0,0.0,1607,43.0101,-81.2519,0.66,BS_249,20.0,Fully Served,None,0.0,N/A,TN
0,0.0,0.0,1608,43.6897,-79.3007,0.7,BS_481,20.0,Fully Served,None,0.0,N/A,TN
0,0.0,0.0,1609,44.1614,-76.6566,0.72,BS_252,19.93,Fully Served,None,0.0,N/A,TN
0,0.0,0.0,1610,42.9938,-81.5599,0.83,BS_444,19.4,Fully Served,None,0.0,N/A,TN
0,0.0,0.0,1611,43.6443,-79.6217,0.39,BS_345,19.9,Fully Served,None,0.0,N/A,TN
0,0.0,0.0,1612,46.5179,-81.076,0.88,BS_23,19.95,Fully Served,None,0.0,N/A,TN
0,0.0,0.0,1613,46.733,-80.8817,0.85,BS_679,20.0,Fully Served,None,0.0,N/A,TN
0,0.0,0.0,1614,43.5131,-80.0261,0.54,BS_354,20.0,Fully Served,None,0.0,N/A,TN
0,0.0,0.0,1615,43.8174,-79.4623,0.85,BS_404,19.74,Fully Served,None,0.0,N/A,TN
0,0.0,0.0,1617,43.1754,-79.8948,0.5,BS_152,19.64,Fully Served,None,0.0,N/A,TN
0,0.0,0.0,1618,45.3736,-75.6991,0.56,BS_632,19.6,Fully Served,None,0.0,N/A,TN
0,0.0,0.0,1619,42.9621,-81.2712,0.11,BS_726,19.74,Fully Served,None,0.0,N/A,TN
0,0.0,0.0,1620,42.836,-81.3784,0.2,BS_618,19.75,Fully Served,None,0.0,N/A,TN
0,0.0,0.0,1621,43.184,-79.4478,0.84,None,0.0,No 5G Tower in Geographic Range,Sat_STARLINK-SHELL-2-048-007,300.0,Fully Served,LEO
0,0.0,0.0,1623,44.002,-79.5652,0.7,BS_405,19.93,Fully Served,None,0.0,N/A,TN
0,0.0,0.0,1624,42.8485,-81.3161,0.47,BS_714,19.49,Fully Served,None,0.0,N/A,TN
0,0.0,0.0,1625,43.8505,-79.639,0.75,BS_647,19.65,Fully Served,None,0.0,N/A,TN
0,0.0,0.0,1626,43.3687,-79.7882,0.45,BS_511,19.51,Fully Served,None,0.0,N/A,TN
0,0.0,0.0,1627,45.3641,-75.4012,0.58,BS_667,20.0,Fully Served,None,0.0,N/A,TN
0,0.0,0.0,1628,45.1344,-75.4631,0.13,BS_564,19.95,Fully Served,None,0.0,N/A,TN
0,0.0,0.0,1629,43.363,-80.0373,0.83,BS_365,20.0,Fully Served,None,0.0,N/A,TN
0,0.0,0.0,1630,43.4138,-79.9525,4.37,BS_110,19.09,Fully Served,None,0.0,N/A,TN
0,0.0,0.0,1631,46.5904,-80.8589,0.37,BS_399,20.0,Fully Served,None,0.0,N/A,TN
0,0.0,0.0,1632,43.3975,-80.0749,2.02,BS_370,19.99,Fully Served,None,0.0,N/A,TN
0,0.0,0.0,1634,43.2684,-81.0626,0.48,BS_531,100.0,Fully Served,None,0.0,N/A,TN
0,0.0,0.0,1635,43.7767,-79.1772,3.56,BS_731,19.94,Fully Served,None,0.0,N/A,TN
0,0.0,0.0,1637,43.077,-81.4162,3.96,BS_51,20.0,Fully Served,None,0.0,N/A,TN
0,0.0,0.0,1638,42.9691,-81.4165,0.99,BS_52,20.0,Fully Served,None,0.0,N/A,TN
0,0.0,0.0,1639,43.6726,-79.4268,0.37,BS_164,18.92,Fully Served,None,0.0,N/A,TN
0,0.0,0.0,1640,43.1086,-81.1442,0.8,BS_236,20.0,Fully Served,None,0.0,N/A,TN
0,0.0,0.0,1641,42.9216,-81.0253,4.32,BS_536,19.15,Fully Served,None,0.0,N/A,TN
0,0.0,0.0,1642,43.1638,-79.9952,0.85,BS_569,19.19,Fully Served,None,0.0,N/A,TN
0,0.0,0.0,1643,45.4079,-75.6592,0.52,BS_631,19.64,Fully Served,None,0.0,N/A,TN
0,0.0,0.0,1644,45.2054,-75.5875,0.61,BS_182,19.84,Fully Served,None,0.0,N/A,TN
0,0.0,0.0,1645,44.4862,-76.4293,0.82,BS_82,20.0,Fully Served,None,0.0,N/A,TN
0,0.0,0.0,1646,45.2964,-75.4117,2.79,BS_560,19.75,Fully Served,None,0.0,N/A,TN
0,0.0,0.0,1647,46.457,-80.9465,0.52,BS_297,20.0,Fully Served,None,0.0,N/A,TN
0,0.0,0.0,1648,46.3273,-81.1476,0.13,BS_126,20.0,Fully Served,None,0.0,N/A,TN
0,0.0,0.0,1649,45.2089,-75.7737,3.22,BS_44,19.85,Fully Served,None,0.0,N/A,TN
0,0.0,0.0,1650,45.3863,-75.5768,0.67,BS_280,19.86,Fully Served,None,0.0,N/A,TN
0,0.0,0.0,1651,43.3455,-79.9964,0.16,BS_115,19.77,Fully Served,None,0.0,N/A,TN
0,0.0,0.0,1652,46.7303,-80.7209,0.59,BS_397,100.0,Fully Served,None,0.0,N/A,TN
0,0.0,0.0,1653,46.3886,-80.974,0.94,BS_490,20.0,Fully Served,None,0.0,N/A,TN
0,0.0,0.0,1654,43.0706,-81.3338,0.31,BS_49,19.48,Fully Served,None,0.0,N/A,TN
0,0.0,0.0,1655,43.1637,-79.7833,0.37,BS_8,20.0,Fully Served,None,0.0,N/A,TN
0,0.0,0.0,1656,43.386,-79.9303,3.03,BS_119,19.59,Fully Served,None,0.0,N/A,TN
0,0.0,0.0,1657,43.0458,-81.1543,4.25,BS_235,19.57,Fully Served,None,0.0,N/A,TN
0,0.0,0.0,1659,43.2527,-79.8479,0.33,BS_7,18.39,Fully Served,None,0.0,N/A,TN
0,0.0,0.0,1660,43.2271,-79.9939,0.87,BS_144,20.0,Fully Served,None,0.0,N/A,TN
0,0.0,0.0,1661,43.2938,-80.0131,4.26,BS_363,19.26,Fully Served,None,0.0,N/A,TN
0,0.0,0.0,1662,43.7055,-79.316,0.14,BS_475,19.96,Fully Served,None,0.0,N/A,TN
0,0.0,0.0,1663,43.6568,-79.6864,3.31,BS_339,20.0,Fully Served,None,0.0,N/A,TN
0,0.0,0.0,1664,43.4802,-79.7957,0.18,BS_507,19.5,Fully Served,None,0.0,N/A,TN
0,0.0,0.0,1665,43.0,-81.4301,0.99,BS_59,19.8,Fully Served,None,0.0,N/A,TN
0,0.0,0.0,1666,43.2184,-79.723,0.42,BS_2,20.0,Fully Served,None,0.0,N/A,TN
0,0.0,0.0,1667,43.1577,-80.0226,0.89,BS_569,19.38,Fully Served,None,0.0,N/A,TN
0,0.0,0.0,1668,46.4697,-81.1473,0.16,BS_140,100.0,Fully Served,None,0.0,N/A,TN
0,0.0,0.0,1669,43.2951,-80.0017,3.02,BS_150,19.06,Fully Served,None,0.0,N/A,TN
0,0.0,0.0,1670,43.1557,-81.4013,3.17,BS_429,20.0,Fully Served,None,0.0,N/A,TN
0,0.0,0.0,1671,43.5568,-79.6826,0.47,BS_340,20.0,Fully Served,None,0.0,N/A,TN
0,0.0,0.0,1672,43.1996,-79.8413,0.73,BS_4,20.0,Fully Served,None,0.0,N/A,TN
0,0.0,0.0,1673,43.7308,-79.3618,4.67,BS_479,19.67,Fully Served,None,0.0,N/A,TN
0,0.0,0.0,1674,44.3011,-76.414,0.77,BS_593,19.9,Fully Served,None,0.0,N/A,TN
0,0.0,0.0,1675,43.9112,-79.4712,0.8,BS_406,20.0,Fully Served,None,0.0,N/A,TN
0,0.0,0.0,1676,43.7883,-79.3588,0.11,BS_99,19.42,Fully Served,None,0.0,N/A,TN
0,0.0,0.0,1678,43.6454,-79.6691,0.85,BS_339,19.62,Fully Served,None,0.0,N/A,TN
0,0.0,0.0,1680,45.4462,-75.6941,0.56,BS_633,19.38,Fully Served,None,0.0,N/A,TN
0,0.0,0.0,1681,43.0377,-81.4171,2.23,BS_64,20.0,Fully Served,None,0.0,N/A,TN
0,0.0,0.0,1682,43.0518,-81.435,0.76,BS_64,19.81,Fully Served,None,0.0,N/A,TN
0,0.0,0.0,1683,45.3472,-75.639,0.12,BS_634,19.31,Fully Served,None,0.0,N/A,TN
0,0.0,0.0,1684,43.6897,-79.3674,0.99,BS_166,19.06,Fully Served,None,0.0,N/A,TN
0,0.0,0.0,1685,45.2403,-75.5051,0.51,BS_191,20.0,Fully Served,None,0.0,N/A,TN
0,0.0,0.0,1687,43.0056,-81.0615,0.78,BS_551,19.66,Fully Served,None,0.0,N/A,TN
0,0.0,0.0,1688,43.0104,-81.3343,0.64,BS_60,19.92,Fully Served,None,0.0,N/A,TN
0,0.0,0.0,1689,45.3871,-75.586,3.27,BS_280,19.76,Fully Served,None,0.0,N/A,TN
0,0.0,0.0,1690,46.4534,-81.0591,0.18,BS_137,19.92,Fully Served,None,0.0,N/A,TN
0,0.0,0.0,1691,43.0067,-81.1969,0.83,BS_233,19.94,Fully Served,None,0.0,N/A,TN
0,0.0,0.0,1692,43.7051,-79.2786,2.42,BS_478,19.71,Fully Served,None,0.0,N/A,TN
0,0.0,0.0,1693,43.0803,-81.3593,0.38,BS_49,19.66,Fully Served,None,0.0,N/A,TN
0,0.0,0.0,1694,43.351,-79.8608,0.7,BS_104,19.64,Fully Served,None,0.0,N/A,TN
0,0.0,0.0,1695,43.0553,-79.5961,2.4,BS_321,20.0,Fully Served,None,0.0,N/A,TN
0,0.0,0.0,1696,43.2347,-79.8192,0.42,BS_0,19.63,Fully Served,None,0.0,N/A,TN
0,0.0,0.0,1697,43.7645,-79.4012,3.78,BS_91,19.43,Fully Served,None,0.0,N/A,TN
0,0.0,0.0,1698,43.091,-79.7591,0.12,BS_319,20.0,Fully Served,None,0.0,N/A,TN
0,0.0,0.0,1699,45.3948,-75.6491,0.82,BS_631,19.84,Fully Served,None,0.0,N/A,TN
0,0.0,0.0,1700,42.9126,-81.042,0.16,BS_536,20.0,Fully Served,None,0.0,N/A,TN
0,0.0,0.0,1701,45.2596,-75.6196,4.75,BS_179,19.94,Fully Served,None,0.0,N/A,TN
0,0.0,0.0,1702,44.2745,-76.4948,0.55,BS_262,20.0,Fully Served,None,0.0,N/A,TN
0,0.0,0.0,1704,42.9793,-81.2473,2.26,BS_709,20.0,Fully Served,None,0.0,N/A,TN
0,0.0,0.0,1705,42.7433,-81.231,0.62,BS_207,19.98,Fully Served,None,0.0,N/A,TN
0,0.0,0.0,1706,43.7609,-79.5929,0.46,BS_654,19.86,Fully Served,None,0.0,N/A,TN
0,0.0,0.0,1707,43.2863,-79.8978,0.53,BS_146,18.36,Fully Served,None,0.0,N/A,TN
0,0.0,0.0,1708,43.7084,-79.5379,0.41,BS_648,19.47,Fully Served,None,0.0,N/A,TN
0,0.0,0.0,1709,45.2679,-75.4923,0.47,BS_178,19.99,Fully Served,None,0.0,N/A,TN
0,0.0,0.0,1710,42.992,-81.311,0.89,BS_713,19.98,Fully Served,None,0.0,N/A,TN
0,0.0,0.0,1712,43.0946,-79.7682,0.33,BS_373,19.95,Fully Served,None,0.0,N/A,TN
0,0.0,0.0,1713,43.2403,-80.0524,0.63,BS_572,19.01,Fully Served,None,0.0,N/A,TN
0,0.0,0.0,1714,43.1612,-79.7099,0.7,BS_322,19.94,Fully Served,None,0.0,N/A,TN
0,0.0,0.0,1715,43.1424,-79.6818,0.94,BS_326,19.82,Fully Served,None,0.0,N/A,TN
0,0.0,0.0,1716,43.4124,-79.9555,0.57,BS_110,19.97,Fully Served,None,0.0,N/A,TN
0,0.0,0.0,1717,43.1656,-81.1478,0.63,BS_520,20.0,Fully Served,None,0.0,N/A,TN
0,0.0,0.0,1719,43.0729,-81.2434,4.88,BS_246,19.82,Fully Served,None,0.0,N/A,TN
0,0.0,0.0,1720,43.0037,-81.1418,0.52,BS_240,19.88,Fully Served,None,0.0,N/A,TN
0,0.0,0.0,1721,43.8341,-79.3495,0.89,BS_101,19.98,Fully Served,None,0.0,N/A,TN
0,0.0,0.0,1723,42.9055,-81.2918,0.55,BS_717,19.74,Fully Served,None,0.0,N/A,TN
0,0.0,0.0,1724,43.2178,-81.3299,2.19,BS_439,19.99,Fully Served,None,0.0,N/A,TN
0,0.0,0.0,1725,43.0837,-81.5894,0.42,BS_455,100.0,Fully Served,None,0.0,N/A,TN
0,0.0,0.0,1726,45.3971,-75.5989,0.7,BS_280,19.15,Fully Served,None,0.0,N/A,TN
0,0.0,0.0,1727,42.7204,-81.4503,0.2,BS_622,20.0,Fully Served,None,0.0,N/A,TN
0,0.0,0.0,1728,43.2027,-79.9378,0.33,BS_145,19.86,Fully Served,None,0.0,N/A,TN
0,0.0,0.0,1729,43.7245,-79.5256,0.74,BS_648,19.42,Fully Served,None,0.0,N/A,TN
0,0.0,0.0,1730,43.687,-79.6229,0.4,BS_334,19.94,Fully Served,None,0.0,N/A,TN
0,0.0,0.0,1731,42.9218,-81.4431,3.84,BS_62,20.0,Fully Served,None,0.0,N/A,TN
0,0.0,0.0,1732,43.7373,-79.2598,0.84,BS_474,19.89,Fully Served,None,0.0,N/A,TN
0,0.0,0.0,1733,42.9799,-81.2825,0.79,BS_726,19.73,Fully Served,None,0.0,N/A,TN
0,0.0,0.0,1734,43.3743,-79.946,0.64,BS_119,19.0,Fully Served,None,0.0,N/A,TN
0,0.0,0.0,1735,43.4689,-79.7029,0.91,BS_514,20.0,Fully Served,None,0.0,N/A,TN
0,0.0,0.0,1736,43.1815,-80.0776,0.81,BS_583,20.0,Fully Served,None,0.0,N/A,TN
0,0.0,0.0,1737,45.4478,-75.6798,4.86,BS_633,19.94,Fully Served,None,0.0,N/A,TN
0,0.0,0.0,1738,45.2351,-75.8073,0.63,BS_44,19.95,Fully Served,None,0.0,N/A,TN
0,0.0,0.0,1739,44.2121,-76.3945,0.71,BS_610,19.7,Fully Served,None,0.0,N/A,TN
0,0.0,0.0,1740,43.9327,-79.2764,0.76,BS_425,20.0,Fully Served,None,0.0,N/A,TN
0,0.0,0.0,1741,43.0643,-81.1178,0.92,BS_243,20.0,Fully Served,None,0.0,N/A,TN
0,0.0,0.0,1743,42.9725,-81.0189,0.19,BS_548,19.92,Fully Served,None,0.0,N/A,TN
0,0.0,0.0,1744,43.7987,-79.2689,0.14,BS_476,19.93,Fully Served,None,0.0,N/A,TN
0,0.0,0.0,1746,43.2943,-81.1619,0.5,BS_518,20.0,Fully Served,None,0.0,N/A,TN
0,0.0,0.0,1747,43.6904,-79.3146,0.5,BS_481,19.69,Fully Served,None,0.0,N/A,TN
0,0.0,0.0,1748,42.7853,-81.1282,0.39,BS_212,20.0,Fully Served,None,0.0,N/A,TN
0,0.0,0.0,1749,42.8257,-81.2808,2.25,BS_722,20.0,Fully Served,None,0.0,N/A,TN
0,0.0,0.0,1750,42.7882,-81.0672,0.41,BS_209,100.0,Fully Served,None,0.0,N/A,TN
0,0.0,0.0,1751,43.3704,-79.8526,2.03,BS_104,19.86,Fully Served,None,0.0,N/A,TN
0,0.0,0.0,1752,42.9146,-81.2169,3.57,BS_711,20.0,Fully Served,None,0.0,N/A,TN
0,0.0,0.0,1755,46.6322,-81.0852,0.63,BS_20,19.53,Fully Served,None,0.0,N/A,TN
0,0.0,0.0,1756,46.429,-80.9667,0.95,BS_314,19.64,Fully Served,None,0.0,N/A,TN
0,0.0,0.0,1757,43.6943,-79.264,0.74,BS_478,20.0,Fully Served,None,0.0,N/A,TN
0,0.0,0.0,1758,43.1996,-80.2516,3.98,None,0.0,No 5G Tower in Geographic Range,Sat_STARLINK-SHELL-2-048-007,300.0,Fully Served,LEO
0,0.0,0.0,1759,43.0004,-81.3853,0.45,BS_66,20.0,Fully Served,None,0.0,N/A,TN
0,0.0,0.0,1760,46.5182,-81.1325,4.85,BS_21,20.0,Fully Served,None,0.0,N/A,TN
0,0.0,0.0,1761,43.1235,-79.9412,0.71,BS_148,19.92,Fully Served,None,0.0,N/A,TN
0,0.0,0.0,1762,43.716,-79.4493,0.49,BS_167,19.53,Fully Served,None,0.0,N/A,TN
0,0.0,0.0,1763,46.4264,-80.9796,0.66,BS_314,19.56,Fully Served,None,0.0,N/A,TN
0,0.0,0.0,1765,44.3534,-76.4763,0.85,BS_261,19.94,Fully Served,None,0.0,N/A,TN
0,0.0,0.0,1766,45.3846,-75.5787,0.32,BS_280,19.97,Fully Served,None,0.0,N/A,TN
0,0.0,0.0,1767,46.6047,-81.0243,0.58,BS_306,19.76,Fully Served,None,0.0,N/A,TN
0,0.0,0.0,1768,43.8472,-79.3196,0.33,BS_95,19.96,Fully Served,None,0.0,N/A,TN
0,0.0,0.0,1769,43.7404,-79.3877,0.64,BS_163,19.92,Fully Served,None,0.0,N/A,TN
0,0.0,0.0,1770,45.1669,-75.5087,0.66,BS_185,19.9,Fully Served,None,0.0,N/A,TN
0,0.0,0.0,1771,43.4461,-79.9412,3.44,BS_105,20.0,Fully Served,None,0.0,N/A,TN
0,0.0,0.0,1772,43.6325,-79.6967,0.85,BS_339,19.5,Fully Served,None,0.0,N/A,TN
0,0.0,0.0,1773,43.5224,-79.8869,0.93,BS_753,19.85,Fully Served,None,0.0,N/A,TN
0,0.0,0.0,1774,43.1142,-80.0981,0.76,BS_586,19.8,Fully Served,None,0.0,N/A,TN
0,0.0,0.0,1775,45.3103,-75.6985,0.55,BS_639,20.0,Fully Served,None,0.0,N/A,TN
0,0.0,0.0,1776,43.7571,-79.5013,0.99,BS_645,20.0,Fully Served,None,0.0,N/A,TN
0,0.0,0.0,1777,43.9033,-79.2813,3.05,BS_727,19.28,Fully Served,None,0.0,N/A,TN
0,0.0,0.0,1778,43.2717,-81.4116,3.03,BS_438,19.68,Fully Served,None,0.0,N/A,TN
0,0.0,0.0,1779,45.3718,-75.7194,2.78,BS_632,20.0,Fully Served,None,0.0,N/A,TN
0,0.0,0.0,1780,43.2451,-80.0355,0.52,BS_572,18.87,Fully Served,None,0.0,N/A,TN
0,0.0,0.0,1781,44.3733,-76.4068,0.92,BS_90,19.69,Fully Served,None,0.0,N/A,TN
0,0.0,0.0,1782,43.6272,-79.337,0.46,BS_177,20.0,Fully Served,None,0.0,N/A,TN
0,0.0,0.0,1783,43.4748,-79.7693,2.78,BS_512,19.88,Fully Served,None,0.0,N/A,TN
0,0.0,0.0,1784,42.958,-81.2986,0.4,BS_726,19.8,Fully Served,None,0.0,N/A,TN
0,0.0,0.0,1785,43.11,-79.8658,0.13,BS_383,20.0,Fully Served,None,0.0,N/A,TN
0,0.0,0.0,1786,44.2784,-76.4786,2.76,BS_262,19.96,Fully Served,None,0.0,N/A,TN
0,0.0,0.0,1787,43.6015,-79.6096,0.11,BS_337,19.8,Fully Served,None,0.0,N/A,TN
0,0.0,0.0,1788,43.0336,-81.3563,0.7,BS_53,20.0,Fully Served,None,0.0,N/A,TN
0,0.0,0.0,1789,43.1248,-80.5489,3.99,None,0.0,No 5G Tower in Geographic Range,Sat_STARLINK-SHELL-2-048-007,300.0,Fully Served,LEO
0,0.0,0.0,1790,43.1329,-79.6861,0.64,BS_326,19.91,Fully Served,None,0.0,N/A,TN
0,0.0,0.0,1791,42.9522,-81.0788,0.62,BS_559,19.82,Fully Served,None,0.0,N/A,TN
0,0.0,0.0,1792,45.696,-78.8951,1.0,None,0.0,No 5G Tower in Geographic Range,Sat_STARLINK-SHELL-1-066-003,300.0,Fully Served,LEO
0,0.0,0.0,1793,43.6619,-79.563,0.33,BS_346,19.72,Fully Served,None,0.0,N/A,TN
0,0.0,0.0,1794,43.5848,-79.5979,0.47,BS_338,19.8,Fully Served,None,0.0,N/A,TN
0,0.0,0.0,1795,44.3833,-79.7732,0.9,None,0.0,No 5G Tower in Geographic Range,Sat_STARLINK-SHELL-1-066-003,300.0,Fully Served,LEO
0,0.0,0.0,1796,42.8667,-81.3301,0.59,BS_720,20.0,Fully Served,None,0.0,N/A,TN
0,0.0,0.0,1797,44.2523,-76.5805,4.57,BS_251,19.65,Fully Served,None,0.0,N/A,TN
0,0.0,0.0,1798,45.4595,-76.2852,0.46,BS_460,19.97,Fully Served,None,0.0,N/A,TN
0,0.0,0.0,1799,43.1868,-81.65,0.87,BS_450,100.0,Fully Served,None,0.0,N/A,TN
0,0.0,0.0,1800,43.0675,-81.2384,0.91,BS_246,19.94,Fully Served,None,0.0,N/A,TN
0,0.0,0.0,1801,46.8678,-80.991,4.66,BS_688,100.0,Fully Served,None,0.0,N/A,TN
0,0.0,0.0,1802,43.1047,-80.095,0.94,BS_586,19.96,Fully Served,None,0.0,N/A,TN
0,0.0,0.0,1803,43.4874,-79.8162,2.72,BS_510,19.76,Fully Served,None,0.0,N/A,TN
0,0.0,0.0,1804,43.8148,-79.458,0.18,BS_97,18.83,Fully Served,None,0.0,N/A,TN
0,0.0,0.0,1805,46.5764,-81.1496,2.36,BS_18,19.48,Fully Served,None,0.0,N/A,TN
0,0.0,0.0,1806,42.8111,-81.4457,0.4,BS_624,19.99,Fully Served,None,0.0,N/A,TN
0,0.0,0.0,1807,43.2481,-79.8134,0.47,BS_9,19.78,Fully Served,None,0.0,N/A,TN
0,0.0,0.0,1808,43.5413,-79.7005,0.41,BS_340,19.97,Fully Served,None,0.0,N/A,TN
0,0.0,0.0,1809,45.269,-75.5598,0.93,BS_193,19.75,Fully Served,None,0.0,N/A,TN
0,0.0,0.0,1811,45.4191,-75.6295,0.79,BS_642,19.68,Fully Served,None,0.0,N/A,TN
0,0.0,0.0,1812,44.1725,-76.6665,0.87,BS_252,19.76,Fully Served,None,0.0,N/A,TN
0,0.0,0.0,1813,43.7036,-79.3867,0.55,BS_157,18.86,Fully Served,None,0.0,N/A,TN
0,0.0,0.0,1814,43.6435,-79.42,0.17,BS_170,19.94,Fully Served,None,0.0,N/A,TN
0,0.0,0.0,1815,43.7526,-79.506,2.98,BS_645,19.92,Fully Served,None,0.0,N/A,TN
0,0.0,0.0,1816,43.2196,-79.7969,0.62,BS_10,18.65,Fully Served,None,0.0,N/A,TN
0,0.0,0.0,1817,46.4143,-80.933,0.35,BS_496,19.77,Fully Served,None,0.0,N/A,TN
0,0.0,0.0,1818,43.2077,-79.6859,0.42,BS_329,19.93,Fully Served,None,0.0,N/A,TN
0,0.0,0.0,1819,43.0304,-81.4349,0.48,BS_64,19.72,Fully Served,None,0.0,N/A,TN
0,0.0,0.0,1820,42.7307,-81.284,0.95,BS_211,100.0,Fully Served,None,0.0,N/A,TN
0,0.0,0.0,1821,46.4572,-81.2012,0.6,BS_131,20.0,Fully Served,None,0.0,N/A,TN
0,0.0,0.0,1823,45.5069,-75.3863,4.67,BS_664,20.0,Fully Served,None,0.0,N/A,TN
0,0.0,0.0,1824,42.6842,-81.2325,3.27,BS_202,19.89,Fully Served,None,0.0,N/A,TN
0,0.0,0.0,1825,43.7916,-79.3897,0.96,BS_99,19.15,Fully Served,None,0.0,N/A,TN
0,0.0,0.0,1826,44.5205,-78.425,0.49,None,0.0,No 5G Tower in Geographic Range,Sat_STARLINK-SHELL-1-066-003,300.0,Fully Served,LEO
0,0.0,0.0,1827,42.9005,-81.406,0.76,BS_616,20.0,Fully Served,None,0.0,N/A,TN
0,0.0,0.0,1828,45.344,-75.7749,0.83,BS_35,20.0,Fully Served,None,0.0,N/A,TN
0,0.0,0.0,1829,42.9778,-81.3817,0.86,BS_48,19.66,Fully Served,None,0.0,N/A,TN
0,0.0,0.0,1830,45.2862,-75.5811,0.18,BS_193,20.0,Fully Served,None,0.0,N/A,TN
0,0.0,0.0,1831,42.9003,-81.1363,0.39,BS_552,19.81,Fully Served,None,0.0,N/A,TN
0,0.0,0.0,1833,42.7709,-81.2594,0.68,BS_213,19.88,Fully Served,None,0.0,N/A,TN
0,0.0,0.0,1834,42.962,-81.1225,0.58,BS_547,20.0,Fully Served,None,0.0,N/A,TN
0,0.0,0.0,1835,43.2821,-79.9556,2.23,BS_150,19.53,Fully Served,None,0.0,N/A,TN
0,0.0,0.0,1836,46.5926,-80.9849,0.94,BS_306,19.95,Fully Served,None,0.0,N/A,TN
0,0.0,0.0,1837,44.0186,-79.3272,0.57,None,0.0,No 5G Tower in Geographic Range,Sat_STARLINK-SHELL-1-066-003,300.0,Fully Served,LEO
0,0.0,0.0,1838,43.7771,-79.3704,2.75,BS_99,19.71,Fully Served,None,0.0,N/A,TN
0,0.0,0.0,1839,42.7566,-81.1662,4.44,BS_199,20.0,Fully Served,None,0.0,N/A,TN
0,0.0,0.0,1840,42.8199,-81.3901,0.31,BS_618,19.61,Fully Served,None,0.0,N/A,TN
0,0.0,0.0,1841,43.3606,-80.0836,0.12,BS_370,20.0,Fully Served,None,0.0,N/A,TN
0,0.0,0.0,1842,43.3322,-80.0548,0.92,BS_350,20.0,Fully Served,None,0.0,N/A,TN
0,0.0,0.0,1843,43.671,-79.3009,0.57,BS_481,19.43,Fully Served,None,0.0,N/A,TN
0,0.0,0.0,1844,43.3775,-79.7458,0.14,BS_515,20.0,Fully Served,None,0.0,N/A,TN
0,0.0,0.0,1845,46.6574,-81.0192,0.84,BS_686,20.0,Fully Served,None,0.0,N/A,TN
0,0.0,0.0,1846,46.3714,-80.9208,0.52,BS_496,19.92,Fully Served,None,0.0,N/A,TN
0,0.0,0.0,1847,44.3279,-76.4105,0.92,BS_605,20.0,Fully Served,None,0.0,N/A,TN
0,0.0,0.0,1848,43.2308,-81.2796,0.69,BS_428,19.94,Fully Served,None,0.0,N/A,TN
0,0.0,0.0,1849,44.3252,-76.2746,0.42,BS_602,20.0,Fully Served,None,0.0,N/A,TN
0,0.0,0.0,1850,43.3676,-79.9608,2.95,BS_106,20.0,Fully Served,None,0.0,N/A,TN
0,0.0,0.0,1851,45.3456,-75.7445,2.36,BS_640,20.0,Fully Served,None,0.0,N/A,TN
0,0.0,0.0,1852,44.014,-79.1973,0.83,BS_427,20.0,Fully Served,None,0.0,N/A,TN
0,0.0,0.0,1853,45.3374,-75.5216,0.11,BS_277,20.0,Fully Served,None,0.0,N/A,TN
0,0.0,0.0,1854,42.8112,-81.3643,0.33,BS_618,19.55,Fully Served,None,0.0,N/A,TN
0,0.0,0.0,1855,43.0984,-81.0834,0.19,BS_523,19.76,Fully Served,None,0.0,N/A,TN
0,0.0,0.0,1856,44.3931,-76.5422,0.9,BS_225,19.96,Fully Served,None,0.0,N/A,TN
0,0.0,0.0,1857,42.959,-81.1842,0.77,BS_716,20.0,Fully Served,None,0.0,N/A,TN
0,0.0,0.0,1858,43.2951,-79.9783,0.76,BS_150,19.69,Fully Served,None,0.0,N/A,TN
0,0.0,0.0,1859,44.326,-76.2383,0.15,BS_606,20.0,Fully Served,None,0.0,N/A,TN
0,0.0,0.0,1860,45.2816,-75.8712,2.16,BS_39,19.92,Fully Served,None,0.0,N/A,TN
0,0.0,0.0,1861,45.4004,-75.6921,0.61,BS_641,19.68,Fully Served,None,0.0,N/A,TN
0,0.0,0.0,1862,43.7703,-79.4628,0.59,BS_172,19.94,Fully Served,None,0.0,N/A,TN
0,0.0,0.0,1863,46.4013,-80.8406,0.1,BS_495,20.0,Fully Served,None,0.0,N/A,TN
0,0.0,0.0,1864,45.4201,-75.5652,0.3,BS_271,19.27,Fully Served,None,0.0,N/A,TN
0,0.0,0.0,1865,42.9642,-80.1929,0.67,BS_291,20.0,Fully Served,None,0.0,N/A,TN
0,0.0,0.0,1866,43.0263,-81.181,3.04,BS_244,18.79,Fully Served,None,0.0,N/A,TN
0,0.0,0.0,1867,43.8296,-79.4506,0.95,BS_97,19.02,Fully Served,None,0.0,N/A,TN
0,0.0,0.0,1868,43.1582,-81.128,0.64,BS_520,19.88,Fully Served,None,0.0,N/A,TN
0,0.0,0.0,1869,45.1767,-75.6514,0.83,BS_692,19.83,Fully Served,None,0.0,N/A,TN
0,0.0,0.0,1870,43.0803,-79.7149,0.84,BS_323,19.67,Fully Served,None,0.0,N/A,TN
0,0.0,0.0,1871,43.167,-80.0069,0.71,BS_569,19.28,Fully Served,None,0.0,N/A,TN
0,0.0,0.0,1872,43.593,-79.7669,0.93,BS_744,19.92,Fully Served,None,0.0,N/A,TN
0,0.0,0.0,1873,45.1841,-75.683,0.78,BS_692,19.93,Fully Served,None,0.0,N/A,TN
0,0.0,0.0,1874,43.3159,-80.1154,0.71,BS_371,19.8,Fully Served,None,0.0,N/A,TN
0,0.0,0.0,1875,43.4728,-79.8709,0.65,BS_114,19.98,Fully Served,None,0.0,N/A,TN
0,0.0,0.0,1876,46.5609,-81.0893,0.46,BS_12,20.0,Fully Served,None,0.0,N/A,TN
0,0.0,0.0,1878,43.6531,-79.4471,0.85,BS_160,19.47,Fully Served,None,0.0,N/A,TN
0,0.0,0.0,1879,43.6962,-79.3036,0.11,BS_475,19.95,Fully Served,None,0.0,N/A,TN
0,0.0,0.0,1880,46.642,-80.9863,0.81,BS_300,20.0,Fully Served,None,0.0,N/A,TN
0,0.0,0.0,1881,43.2001,-79.925,0.54,BS_145,20.0,Fully Served,None,0.0,N/A,TN
0,0.0,0.0,1882,43.3166,-79.8816,0.17,BS_118,19.24,Fully Served,None,0.0,N/A,TN
0,0.0,0.0,1884,45.3597,-75.7947,3.04,BS_43,19.38,Fully Served,None,0.0,N/A,TN
0,0.0,0.0,1885,43.2185,-81.351,0.79,BS_439,19.75,Fully Served,None,0.0,N/A,TN
0,0.0,0.0,1886,43.487,-79.7003,0.12,BS_514,19.74,Fully Served,None,0.0,N/A,TN
0,0.0,0.0,1887,43.6625,-79.4981,0.74,BS_156,19.94,Fully Served,None,0.0,N/A,TN
0,0.0,0.0,1888,43.753,-79.3011,3.64,BS_484,18.94,Fully Served,None,0.0,N/A,TN
0,0.0,0.0,1889,43.2011,-79.6857,0.62,BS_329,20.0,Fully Served,None,0.0,N/A,TN
0,0.0,0.0,1890,45.3341,-75.7486,0.95,BS_640,19.74,Fully Served,None,0.0,N/A,TN
0,0.0,0.0,1891,45.27,-75.6741,0.85,BS_192,20.0,Fully Served,None,0.0,N/A,TN
0,0.0,0.0,1892,43.1967,-79.8003,0.71,BS_10,20.0,Fully Served,None,0.0,N/A,TN
0,0.0,0.0,1893,43.4645,-79.8804,0.37,BS_114,20.0,Fully Served,None,0.0,N/A,TN
0,0.0,0.0,1894,43.0871,-79.9131,0.19,BS_377,19.91,Fully Served,None,0.0,N/A,TN
0,0.0,0.0,1895,43.8066,-79.1396,0.63,BS_736,20.0,Fully Served,None,0.0,N/A,TN
0,0.0,0.0,1896,43.273,-79.9232,0.58,BS_151,19.81,Fully Served,None,0.0,N/A,TN
0,0.0,0.0,1897,43.186,-79.2839,0.48,None,0.0,No 5G Tower in Geographic Range,Sat_STARLINK-SHELL-2-048-007,297.47,Fully Served,LEO
0,0.0,0.0,1898,43.1711,-79.8843,0.5,BS_5,18.99,Fully Served,None,0.0,N/A,TN
0,0.0,0.0,1899,43.7995,-79.5562,0.46,BS_656,20.0,Fully Served,None,0.0,N/A,TN
0,0.0,0.0,1900,45.4679,-75.5543,2.85,BS_267,19.95,Fully Served,None,0.0,N/A,TN
0,0.0,0.0,1901,46.593,-80.8904,0.54,BS_303,19.87,Fully Served,None,0.0,N/A,TN
0,0.0,0.0,1902,45.2937,-75.8759,3.01,BS_39,19.6,Fully Served,None,0.0,N/A,TN
0,0.0,0.0,1903,45.3949,-75.7159,0.88,BS_638,19.81,Fully Served,None,0.0,N/A,TN
0,0.0,0.0,1904,43.9367,-79.1523,3.88,BS_729,100.0,Fully Served,None,0.0,N/A,TN
0,0.0,0.0,1905,42.6946,-81.364,0.83,BS_615,19.76,Fully Served,None,0.0,N/A,TN
0,0.0,0.0,1906,46.5185,-80.604,0.36,BS_401,100.0,Fully Served,None,0.0,N/A,TN
0,0.0,0.0,1907,42.9796,-81.1193,0.95,BS_547,19.32,Fully Served,None,0.0,N/A,TN
0,0.0,0.0,1908,45.1727,-75.6339,3.04,BS_704,19.92,Fully Served,None,0.0,N/A,TN
0,0.0,0.0,1909,43.4575,-79.8846,0.92,BS_114,19.91,Fully Served,None,0.0,N/A,TN
0,0.0,0.0,1910,43.0575,-81.1118,0.45,BS_243,19.93,Fully Served,None,0.0,N/A,TN
0,0.0,0.0,1911,46.4391,-80.9361,0.35,BS_297,19.51,Fully Served,None,0.0,N/A,TN
0,0.0,0.0,1912,43.6739,-79.4894,0.55,BS_168,19.02,Fully Served,None,0.0,N/A,TN
0,0.0,0.0,1913,42.9097,-81.4999,2.89,BS_456,100.0,Fully Served,None,0.0,N/A,TN
0,0.0,0.0,1914,42.9022,-81.1064,0.48,BS_552,19.73,Fully Served,None,0.0,N/A,TN
0,0.0,0.0,1915,43.3706,-80.0679,0.3,BS_370,19.76,Fully Served,None,0.0,N/A,TN
0,0.0,0.0,1916,43.6982,-79.4022,4.44,BS_157,19.99,Fully Served,None,0.0,N/A,TN
0,0.0,0.0,1917,43.6455,-79.3614,2.49,BS_161,18.21,Fully Served,None,0.0,N/A,TN
0,0.0,0.0,1918,42.8146,-81.0016,0.73,BS_555,19.99,Fully Served,None,0.0,N/A,TN
0,0.0,0.0,1919,43.0511,-79.8235,0.83,BS_387,19.95,Fully Served,None,0.0,N/A,TN
0,0.0,0.0,1920,45.1865,-75.5249,0.94,BS_185,20.0,Fully Served,None,0.0,N/A,TN
0,0.0,0.0,1922,43.703,-79.5296,0.7,BS_648,19.54,Fully Served,None,0.0,N/A,TN
0,0.0,0.0,1923,42.9202,-81.0504,4.04,BS_536,19.98,Fully Served,None,0.0,N/A,TN
0,0.0,0.0,1924,45.3846,-75.4859,0.19,BS_275,19.65,Fully Served,None,0.0,N/A,TN
0,0.0,0.0,1925,45.2854,-75.5717,0.11,BS_193,19.89,Fully Served,None,0.0,N/A,TN
0,0.0,0.0,1926,44.1553,-76.431,0.79,BS_604,19.98,Fully Served,None,0.0,N/A,TN
0,0.0,0.0,1927,44.2461,-76.5375,0.57,BS_264,20.0,Fully Served,None,0.0,N/A,TN
0,0.0,0.0,1928,43.1377,-80.0233,0.19,BS_584,19.88,Fully Served,None,0.0,N/A,TN
0,0.0,0.0,1929,44.3342,-76.1789,0.12,BS_613,100.0,Fully Served,None,0.0,N/A,TN
0,0.0,0.0,1930,44.1478,-76.6822,0.98,BS_260,19.54,Fully Served,None,0.0,N/A,TN
0,0.0,0.0,1931,43.218,-80.0409,4.99,BS_572,18.75,Fully Served,None,0.0,N/A,TN
0,0.0,0.0,1932,42.8242,-81.1239,0.89,BS_203,19.59,Fully Served,None,0.0,N/A,TN
0,0.0,0.0,1933,43.088,-79.8067,0.54,BS_373,19.91,Fully Served,None,0.0,N/A,TN
0,0.0,0.0,1934,45.3549,-75.7426,0.33,BS_640,19.44,Fully Served,None,0.0,N/A,TN
0,0.0,0.0,1935,43.6839,-79.6336,0.19,BS_334,20.0,Fully Served,None,0.0,N/A,TN
0,0.0,0.0,1937,43.8383,-79.5402,0.58,BS_644,19.34,Fully Served,None,0.0,N/A,TN
0,0.0,0.0,1938,42.8104,-81.1736,0.36,BS_205,19.82,Fully Served,None,0.0,N/A,TN
0,0.0,0.0,1939,43.2365,-79.8571,0.12,None,0.0,No 5G Tower in Geographic Range,Sat_STARLINK-SHELL-2-048-007,299.94,Fully Served,LEO
0,0.0,0.0,1940,44.2406,-76.9909,0.57,None,0.0,No 5G Tower in Geographic Range,Sat_STARLINK-SHELL-1-066-003,299.68,Fully Served,LEO
0,0.0,0.0,1941,43.7166,-79.4097,0.46,BS_157,18.94,Fully Served,None,0.0,N/A,TN
0,0.0,0.0,1942,42.8375,-81.0845,4.84,BS_540,19.71,Fully Served,None,0.0,N/A,TN
0,0.0,0.0,1943,45.3149,-75.6584,0.84,BS_635,20.0,Fully Served,None,0.0,N/A,TN
0,0.0,0.0,1944,42.9835,-81.4203,0.13,BS_59,19.82,Fully Served,None,0.0,N/A,TN
0,0.0,0.0,1945,43.8508,-79.7593,0.91,BS_653,100.0,Fully Served,None,0.0,N/A,TN
0,0.0,0.0,1946,43.2678,-81.4026,4.54,BS_438,20.0,Fully Served,None,0.0,N/A,TN
0,0.0,0.0,1947,45.4394,-75.5315,0.11,BS_279,20.0,Fully Served,None,0.0,N/A,TN
0,0.0,0.0,1948,43.1072,-79.7562,3.44,BS_319,19.69,Fully Served,None,0.0,N/A,TN
0,0.0,0.0,1949,43.466,-80.1114,0.8,BS_349,19.75,Fully Served,None,0.0,N/A,TN
0,0.0,0.0,1950,46.1505,-80.1977,0.88,None,0.0,No 5G Tower in Geographic Range,Sat_STARLINK-SHELL-2-066-003,300.0,Fully Served,LEO
0,0.0,0.0,1952,45.3703,-75.9175,0.57,BS_470,100.0,Fully Served,None,0.0,N/A,TN
0,0.0,0.0,1953,42.8708,-81.1988,0.51,BS_723,20.0,Fully Served,None,0.0,N/A,TN
0,0.0,0.0,1954,42.8891,-81.3662,0.64,BS_721,19.7,Fully Served,None,0.0,N/A,TN
0,0.0,0.0,1955,46.5156,-80.9811,0.87,BS_302,20.0,Fully Served,None,0.0,N/A,TN
0,0.0,0.0,1956,43.711,-79.3485,0.1,BS_166,20.0,Fully Served,None,0.0,N/A,TN
0,0.0,0.0,1957,43.3287,-79.8134,0.62,BS_509,19.27,Fully Served,None,0.0,N/A,TN
0,0.0,0.0,1959,43.8384,-79.2802,0.35,BS_740,19.92,Fully Served,None,0.0,N/A,TN
0,0.0,0.0,1960,45.0817,-75.7387,1.0,BS_690,20.0,Fully Served,None,0.0,N/A,TN
0,0.0,0.0,1961,46.2744,-80.8765,0.8,BS_502,100.0,Fully Served,None,0.0,N/A,TN
0,0.0,0.0,1962,43.8413,-79.6214,0.18,BS_647,19.94,Fully Served,None,0.0,N/A,TN
0,0.0,0.0,1963,43.1667,-79.8156,0.13,None,0.0,No 5G Tower in Geographic Range,Sat_STARLINK-SHELL-2-048-007,300.0,Fully Served,LEO
0,0.0,0.0,1964,43.527,-79.7491,0.73,BS_505,20.0,Fully Served,None,0.0,N/A,TN
0,0.0,0.0,1966,45.3229,-75.6016,0.61,BS_180,19.29,Fully Served,None,0.0,N/A,TN
0,0.0,0.0,1968,44.2334,-76.5024,0.71,BS_257,19.97,Fully Served,None,0.0,N/A,TN
0,0.0,0.0,1970,43.7032,-79.4896,3.93,BS_162,19.73,Fully Served,None,0.0,N/A,TN
0,0.0,0.0,1971,44.3085,-76.3631,0.65,BS_600,20.0,Fully Served,None,0.0,N/A,TN
0,0.0,0.0,1972,44.1621,-76.4024,0.75,BS_596,19.78,Fully Served,None,0.0,N/A,TN
0,0.0,0.0,1973,45.2164,-75.4134,4.88,BS_563,19.97,Fully Served,None,0.0,N/A,TN
0,0.0,0.0,1974,43.7511,-79.4071,0.56,BS_91,19.95,Fully Served,None,0.0,N/A,TN
0,0.0,0.0,1975,45.354,-75.3977,0.72,BS_663,19.85,Fully Served,None,0.0,N/A,TN
0,0.0,0.0,1976,43.0655,-81.412,2.75,BS_51,19.51,Fully Served,None,0.0,N/A,TN
0,0.0,0.0,1977,45.3245,-75.5216,2.15,BS_183,19.71,Fully Served,None,0.0,N/A,TN
0,0.0,0.0,1979,46.4078,-81.1416,3.89,None,0.0,No 5G Tower in Geographic Range,Sat_STARLINK-SHELL-2-066-003,300.0,Fully Served,LEO
0,0.0,0.0,1981,43.753,-79.4533,0.61,BS_172,20.0,Fully Served,None,0.0,N/A,TN
0,0.0,0.0,1982,51.1418,-87.6819,0.34,None,0.0,No 5G Tower in Geographic Range,Sat_STARLINK-SHELL-1-060-004,300.0,Fully Served,LEO
0,0.0,0.0,1983,43.3848,-80.089,0.84,BS_370,19.72,Fully Served,None,0.0,N/A,TN
0,0.0,0.0,1984,43.6302,-79.6432,4.9,BS_341,19.77,Fully Served,None,0.0,N/A,TN
0,0.0,0.0,1985,43.2527,-80.1133,0.97,BS_577,20.0,Fully Served,None,0.0,N/A,TN
0,0.0,0.0,1986,42.8491,-80.9455,0.84,BS_557,100.0,Fully Served,None,0.0,N/A,TN
0,0.0,0.0,1987,43.7866,-79.3194,2.43,BS_473,19.93,Fully Served,None,0.0,N/A,TN
0,0.0,0.0,1988,43.8067,-79.2675,0.81,BS_476,20.0,Fully Served,None,0.0,N/A,TN
0,0.0,0.0,1989,43.1925,-81.0269,0.31,BS_532,100.0,Fully Served,None,0.0,N/A,TN
0,0.0,0.0,1991,42.9845,-81.2024,0.82,BS_247,19.97,Fully Served,None,0.0,N/A,TN
0,0.0,0.0,1992,43.2051,-79.8424,0.4,BS_11,19.83,Fully Served,None,0.0,N/A,TN
0,0.0,0.0,1993,43.8009,-79.459,2.12,BS_97,19.35,Fully Served,None,0.0,N/A,TN
0,0.0,0.0,1994,46.5225,-81.1905,0.62,BS_22,19.96,Fully Served,None,0.0,N/A,TN
0,0.0,0.0,1995,43.6053,-79.6268,0.52,BS_337,19.78,Fully Served,None,0.0,N/A,TN
0,0.0,0.0,1996,46.606,-81.2099,2.9,BS_24,19.96,Fully Served,None,0.0,N/A,TN
0,0.0,0.0,1997,42.9561,-81.4027,0.52,BS_52,19.91,Fully Served,None,0.0,N/A,TN
0,0.0,0.0,1998,45.1957,-75.7198,0.34,BS_702,100.0,Fully Served,None,0.0,N/A,TN
0,0.0,0.0,1999,45.3819,-75.7432,0.42,BS_636,19.55,Fully Served,None,0.0,N/A,TN
0,0.0,0.0,2000,46.5825,-81.051,0.98,BS_28,19.92,Fully Served,None,0.0,N/A,TN
0,0.0,0.0,2001,43.7542,-79.5447,2.97,BS_649,19.98,Fully Served,None,0.0,N/A,TN
0,0.0,0.0,2002,43.9373,-79.4027,2.52,BS_414,99.89,Fully Served,None,0.0,N/A,TN
0,0.0,0.0,2003,43.7666,-79.2638,4.35,BS_482,20.0,Fully Served,None,0.0,N/A,TN
0,0.0,0.0,2005,43.1445,-79.8386,0.8,BS_1,19.79,Fully Served,None,0.0,N/A,TN
0,0.0,0.0,2006,43.2911,-79.8961,4.57,BS_118,20.0,Fully Served,None,0.0,N/A,TN
0,0.0,0.0,2007,43.0887,-81.0322,0.48,BS_519,19.69,Fully Served,None,0.0,N/A,TN
0,0.0,0.0,2008,43.4422,-79.7884,2.84,BS_507,19.97,Fully Served,None,0.0,N/A,TN
0,0.0,0.0,2009,43.2602,-79.9407,0.92,BS_151,19.65,Fully Served,None,0.0,N/A,TN
0,0.0,0.0,2010,43.7527,-79.5412,0.78,BS_649,19.76,Fully Served,None,0.0,N/A,TN
0,0.0,0.0,2011,43.819,-79.3209,4.8,BS_101,17.75,Fully Served,None,0.0,N/A,TN
0,0.0,0.0,2012,43.6469,-79.3599,4.18,BS_161,19.91,Fully Served,None,0.0,N/A,TN
0,0.0,0.0,2013,45.3216,-75.8191,0.4,BS_34,19.73,Fully Served,None,0.0,N/A,TN
0,0.0,0.0,2014,44.1668,-76.3906,0.46,BS_596,19.97,Fully Served,None,0.0,N/A,TN
0,0.0,0.0,2015,43.2016,-81.3782,0.38,BS_431,19.74,Fully Served,None,0.0,N/A,TN
0,0.0,0.0,2016,43.0886,-79.8253,0.83,BS_381,19.91,Fully Served,None,0.0,N/A,TN
0,0.0,0.0,2017,45.2167,-75.7793,0.46,BS_37,19.43,Fully Served,None,0.0,N/A,TN
0,0.0,0.0,2018,43.254,-79.8972,0.97,BS_146,19.23,Fully Served,None,0.0,N/A,TN
0,0.0,0.0,2019,43.6661,-79.4698,4.51,BS_168,19.75,Fully Served,None,0.0,N/A,TN
0,0.0,0.0,2020,44.4213,-76.4949,0.53,BS_75,20.0,Fully Served,None,0.0,N/A,TN
0,0.0,0.0,2021,42.9566,-79.9441,3.52,BS_384,19.96,Fully Served,None,0.0,N/A,TN
0,0.0,0.0,2022,45.1855,-75.6643,0.12,BS_692,19.94,Fully Served,None,0.0,N/A,TN
0,0.0,0.0,2023,43.6398,-79.378,0.85,BS_158,19.84,Fully Served,None,0.0,N/A,TN
0,0.0,0.0,2024,43.6824,-79.4345,0.89,BS_174,19.62,Fully Served,None,0.0,N/A,TN
0,0.0,0.0,2025,45.0886,-75.6512,0.49,BS_707,100.0,Fully Served,None,0.0,N/A,TN
0,0.0,0.0,2027,42.9409,-81.3629,0.89,BS_724,18.65,Fully Served,None,0.0,N/A,TN
0,0.0,0.0,2028,45.3863,-75.5843,0.41,BS_280,20.0,Fully Served,None,0.0,N/A,TN
0,0.0,0.0,2031,46.4794,-80.8923,0.46,BS_313,20.0,Fully Served,None,0.0,N/A,TN
0,0.0,0.0,2032,43.146,-79.8979,0.85,BS_152,19.94,Fully Served,None,0.0,N/A,TN
0,0.0,0.0,2033,45.3533,-75.6707,0.81,BS_634,20.0,Fully Served,None,0.0,N/A,TN
0,0.0,0.0,2034,46.4837,-81.2334,0.11,BS_17,19.96,Fully Served,None,0.0,N/A,TN
0,0.0,0.0,2035,42.9579,-81.5762,0.88,BS_444,20.0,Fully Served,None,0.0,N/A,TN
0,0.0,0.0,2036,42.683,-81.0723,0.41,BS_214,100.0,Fully Served,None,0.0,N/A,TN
0,0.0,0.0,2037,43.646,-79.5646,0.16,BS_346,19.67,Fully Served,None,0.0,N/A,TN
0,0.0,0.0,2038,45.2609,-75.7838,3.27,BS_31,19.96,Fully Served,None,0.0,N/A,TN
0,0.0,0.0,2039,42.7577,-81.3771,0.48,BS_628,100.0,Fully Served,None,0.0,N/A,TN
0,0.0,0.0,2040,45.3704,-75.8509,0.65,BS_32,19.94,Fully Served,None,0.0,N/A,TN
0,0.0,0.0,2041,46.3068,-81.0456,0.31,BS_121,19.71,Fully Served,None,0.0,N/A,TN
0,0.0,0.0,2042,44.299,-76.4623,0.49,BS_250,19.9,Fully Served,None,0.0,N/A,TN
0,0.0,0.0,2043,43.8508,-79.451,0.5,BS_94,19.52,Fully Served,None,0.0,N/A,TN
0,0.0,0.0,2044,42.8698,-81.3488,0.92,BS_720,19.83,Fully Served,None,0.0,N/A,TN
0,0.0,0.0,2045,45.3767,-75.7802,0.92,BS_630,19.96,Fully Served,None,0.0,N/A,TN
0,0.0,0.0,2046,43.0083,-81.2542,0.31,BS_249,19.92,Fully Served,None,0.0,N/A,TN
0,0.0,0.0,2047,43.2609,-79.8483,0.98,BS_7,20.0,Fully Served,None,0.0,N/A,TN
0,0.0,0.0,2048,46.7126,-80.9311,0.83,BS_671,100.0,Fully Served,None,0.0,N/A,TN
0,0.0,0.0,2049,46.594,-81.1753,2.34,BS_30,100.0,Fully Served,None,0.0,N/A,TN
0,0.0,0.0,2050,45.3154,-75.4991,4.99,BS_194,100.0,Fully Served,None,0.0,N/A,TN
0,0.0,0.0,2051,43.6774,-79.4768,0.33,BS_168,20.0,Fully Served,None,0.0,N/A,TN
0,0.0,0.0,2052,45.2486,-75.6916,0.72,BS_192,19.82,Fully Served,None,0.0,N/A,TN
0,0.0,0.0,2053,45.3251,-75.6464,4.97,BS_635,19.89,Fully Served,None,0.0,N/A,TN
0,0.0,0.0,2054,43.221,-81.1273,0.95,BS_522,19.38,Fully Served,None,0.0,N/A,TN
0,0.0,0.0,2055,46.6441,-81.0515,0.77,BS_25,19.94,Fully Served,None,0.0,N/A,TN
0,0.0,0.0,2056,42.9538,-81.2784,1.0,BS_726,20.0,Fully Served,None,0.0,N/A,TN
0,0.0,0.0,2057,43.0085,-81.038,0.99,BS_551,19.48,Fully Served,None,0.0,N/A,TN
0,0.0,0.0,2058,45.4315,-75.4972,0.72,BS_265,20.0,Fully Served,None,0.0,N/A,TN
0,0.0,0.0,2059,43.8091,-79.3279,0.96,BS_101,16.01,Fully Served,None,0.0,N/A,TN
0,0.0,0.0,2060,43.0561,-81.1861,4.51,BS_244,19.84,Fully Served,None,0.0,N/A,TN
0,0.0,0.0,2061,43.0308,-81.4497,0.56,BS_50,20.0,Fully Served,None,0.0,N/A,TN
0,0.0,0.0,2062,46.3258,-80.8548,0.17,BS_486,100.0,Fully Served,None,0.0,N/A,TN
0,0.0,0.0,2063,43.4497,-79.8026,0.1,BS_507,19.61,Fully Served,None,0.0,N/A,TN
0,0.0,0.0,2064,43.7517,-79.3335,0.89,BS_98,19.86,Fully Served,None,0.0,N/A,TN
0,0.0,0.0,2065,45.3717,-75.4703,0.51,BS_665,19.93,Fully Served,None,0.0,N/A,TN
0,0.0,0.0,2067,43.1302,-81.2946,0.93,BS_442,20.0,Fully Served,None,0.0,N/A,TN
0,0.0,0.0,2069,42.8792,-81.4447,0.1,BS_626,19.98,Fully Served,None,0.0,N/A,TN
0,0.0,0.0,2070,45.3809,-75.5398,0.63,BS_272,20.0,Fully Served,None,0.0,N/A,TN
0,0.0,0.0,2071,43.2161,-79.9746,0.11,BS_154,19.2,Fully Served,None,0.0,N/A,TN
0,0.0,0.0,2072,43.7942,-79.5513,0.31,BS_656,19.96,Fully Served,None,0.0,N/A,TN
0,0.0,0.0,2073,43.0581,-81.3999,0.48,BS_61,20.0,Fully Served,None,0.0,N/A,TN
0,0.0,0.0,2074,43.0527,-80.0587,0.76,BS_288,19.96,Fully Served,None,0.0,N/A,TN
0,0.0,0.0,2075,43.1597,-80.1342,0.4,BS_574,19.95,Fully Served,None,0.0,N/A,TN
0,0.0,0.0,2078,43.0476,-79.8608,3.42,BS_389,19.76,Fully Served,None,0.0,N/A,TN
0,0.0,0.0,2079,43.3229,-80.0276,0.11,BS_357,20.0,Fully Served,None,0.0,N/A,TN
0,0.0,0.0,2080,43.7904,-79.8962,0.74,BS_742,100.0,Fully Served,None,0.0,N/A,TN
0,0.0,0.0,2081,43.7364,-79.4996,3.18,BS_176,19.85,Fully Served,None,0.0,N/A,TN
0,0.0,0.0,2082,46.0991,-80.5575,0.43,None,0.0,No 5G Tower in Geographic Range,Sat_STARLINK-SHELL-2-066-003,300.0,Fully Served,LEO
0,0.0,0.0,2084,42.6556,-81.0265,0.86,None,0.0,No 5G Tower in Geographic Range,Sat_STARLINK-SHELL-2-048-007,300.0,Fully Served,LEO
0,0.0,0.0,2086,43.67,-79.5305,0.58,BS_342,20.0,Fully Served,None,0.0,N/A,TN
0,0.0,0.0,2087,43.2847,-80.0426,0.63,BS_153,20.0,Fully Served,None,0.0,N/A,TN
0,0.0,0.0,2088,44.295,-76.9952,0.75,None,0.0,No 5G Tower in Geographic Range,Sat_STARLINK-SHELL-1-066-003,300.0,Fully Served,LEO
0,0.0,0.0,2089,44.2257,-76.4019,0.77,BS_594,20.0,Fully Served,None,0.0,N/A,TN
0,0.0,0.0,2090,46.337,-81.2415,0.33,BS_122,19.9,Fully Served,None,0.0,N/A,TN
0,0.0,0.0,2091,44.1433,-76.4779,2.17,BS_253,100.0,Fully Served,None,0.0,N/A,TN
0,0.0,0.0,2092,43.7438,-79.4392,0.3,BS_172,19.79,Fully Served,None,0.0,N/A,TN
0,0.0,0.0,2093,43.793,-79.6901,0.71,BS_646,20.0,Fully Served,None,0.0,N/A,TN
0,0.0,0.0,2094,44.3773,-76.6053,4.68,BS_221,19.96,Fully Served,None,0.0,N/A,TN
0,0.0,0.0,2095,42.8037,-81.5176,0.87,BS_617,20.0,Fully Served,None,0.0,N/A,TN
0,0.0,0.0,2096,45.4689,-75.6219,0.72,BS_637,19.14,Fully Served,None,0.0,N/A,TN
0,0.0,0.0,2097,44.1329,-77.794,2.99,None,0.0,No 5G Tower in Geographic Range,Sat_STARLINK-SHELL-1-066-003,300.0,Fully Served,LEO
0,0.0,0.0,2098,43.4861,-79.7357,0.57,BS_512,19.55,Fully Served,None,0.0,N/A,TN
0,0.0,0.0,2099,43.7893,-79.3631,0.4,BS_99,19.4,Fully Served,None,0.0,N/A,TN
0,0.0,0.0,2101,43.2026,-79.7068,0.8,BS_2,19.83,Fully Served,None,0.0,N/A,TN
0,0.0,0.0,2103,42.9387,-81.0834,0.31,BS_559,19.94,Fully Served,None,0.0,N/A,TN
0,0.0,0.0,2104,42.88,-81.2245,0.48,BS_723,19.85,Fully Served,None,0.0,N/A,TN
0,0.0,0.0,2105,42.7903,-81.1243,0.18,BS_212,19.84,Fully Served,None,0.0,N/A,TN
0,0.0,0.0,2106,43.2584,-79.8549,0.61,BS_7,19.94,Fully Served,None,0.0,N/A,TN
0,0.0,0.0,2107,43.4204,-79.983,0.32,BS_352,18.89,Fully Served,None,0.0,N/A,TN
0,0.0,0.0,2108,44.4503,-76.5125,0.32,BS_87,19.35,Fully Served,None,0.0,N/A,TN
0,0.0,0.0,2109,43.0544,-81.5337,0.79,BS_452,20.0,Fully Served,None,0.0,N/A,TN
0,0.0,0.0,2110,43.1863,-79.9774,1.0,BS_147,19.9,Fully Served,None,0.0,N/A,TN
0,0.0,0.0,2111,42.8503,-81.2924,4.11,BS_714,19.96,Fully Served,None,0.0,N/A,TN
0,0.0,0.0,2112,44.5119,-76.2348,0.49,BS_78,19.97,Fully Served,None,0.0,N/A,TN
0,0.0,0.0,2114,43.136,-79.7047,0.57,BS_322,19.81,Fully Served,None,0.0,N/A,TN
0,0.0,0.0,2115,45.3648,-75.8555,0.61,BS_32,19.98,Fully Served,None,0.0,N/A,TN
0,0.0,0.0,2116,45.2345,-75.8611,0.18,BS_36,19.58,Fully Served,None,0.0,N/A,TN
0,0.0,0.0,2118,43.8377,-79.1087,0.43,BS_728,19.99,Fully Served,None,0.0,N/A,TN
0,0.0,0.0,2119,43.6712,-80.2003,0.64,None,0.0,No 5G Tower in Geographic Range,Sat_STARLINK-SHELL-1-066-003,300.0,Fully Served,LEO
0,0.0,0.0,2120,43.6462,-79.4731,0.96,BS_175,20.0,Fully Served,None,0.0,N/A,TN
0,0.0,0.0,2121,43.8913,-79.4137,3.29,BS_409,19.86,Fully Served,None,0.0,N/A,TN
0,0.0,0.0,2122,46.6516,-80.8551,0.87,BS_674,19.83,Fully Served,None,0.0,N/A,TN
0,0.0,0.0,2123,43.2832,-79.9159,0.3,BS_151,19.71,Fully Served,None,0.0,N/A,TN
0,0.0,0.0,2124,43.1557,-79.8761,0.39,BS_152,19.51,Fully Served,None,0.0,N/A,TN
0,0.0,0.0,2125,45.328,-75.8163,0.2,BS_34,20.0,Fully Served,None,0.0,N/A,TN
0,0.0,0.0,2126,43.0036,-81.1585,0.77,BS_240,19.96,Fully Served,None,0.0,N/A,TN
0,0.0,0.0,2127,45.4567,-75.3635,0.69,BS_662,100.0,Fully Served,None,0.0,N/A,TN
0,0.0,0.0,2128,46.6541,-80.974,0.95,BS_300,19.84,Fully Served,None,0.0,N/A,TN
0,0.0,0.0,2129,44.2691,-76.6088,0.69,BS_251,20.0,Fully Served,None,0.0,N/A,TN
0,0.0,0.0,2130,44.3221,-76.5398,1.0,BS_256,20.0,Fully Served,None,0.0,N/A,TN
0,0.0,0.0,2131,45.225,-75.6223,0.66,BS_187,19.91,Fully Served,None,0.0,N/A,TN
0,0.0,0.0,2132,45.363,-75.786,0.47,BS_43,18.83,Fully Served,None,0.0,N/A,TN
0,0.0,0.0,2133,42.8964,-81.3725,0.63,BS_721,20.0,Fully Served,None,0.0,N/A,TN
0,0.0,0.0,2134,43.4439,-79.6899,0.75,BS_508,19.59,Fully Served,None,0.0,N/A,TN
0,0.0,0.0,2135,46.6355,-80.9887,0.43,BS_300,19.94,Fully Served,None,0.0,N/A,TN
0,0.0,0.0,2136,43.4375,-80.0134,0.46,BS_352,19.6,Fully Served,None,0.0,N/A,TN
0,0.0,0.0,2137,43.4203,-79.8623,0.59,BS_107,19.96,Fully Served,None,0.0,N/A,TN
0,0.0,0.0,2138,42.8737,-81.2475,4.31,BS_718,20.0,Fully Served,None,0.0,N/A,TN
0,0.0,0.0,2139,45.12,-75.6683,0.82,BS_695,20.0,Fully Served,None,0.0,N/A,TN
0,0.0,0.0,2141,43.8039,-79.4502,0.41,BS_97,20.0,Fully Served,None,0.0,N/A,TN
0,0.0,0.0,2143,43.0064,-79.6903,0.57,BS_325,19.31,Fully Served,None,0.0,N/A,TN
0,0.0,0.0,2144,46.5902,-81.1224,0.51,BS_27,19.97,Fully Served,None,0.0,N/A,TN
0,0.0,0.0,2145,45.2259,-75.6502,0.76,BS_187,20.0,Fully Served,None,0.0,N/A,TN
0,0.0,0.0,2147,43.7204,-79.4248,0.97,BS_171,100.0,Fully Served,None,0.0,N/A,TN
0,0.0,0.0,2149,43.17,-79.6727,2.56,BS_316,19.78,Fully Served,None,0.0,N/A,TN
0,0.0,0.0,2151,42.7618,-81.2474,0.83,BS_213,19.96,Fully Served,None,0.0,N/A,TN
0,0.0,0.0,2152,43.7874,-79.3413,3.68,BS_93,20.0,Fully Served,None,0.0,N/A,TN
0,0.0,0.0,2153,43.8286,-79.3382,4.54,BS_101,19.87,Fully Served,None,0.0,N/A,TN
0,0.0,0.0,2154,43.0792,-81.2108,0.38,BS_231,19.95,Fully Served,None,0.0,N/A,TN
0,0.0,0.0,2155,43.7978,-79.4538,0.53,BS_97,19.08,Fully Served,None,0.0,N/A,TN
0,0.0,0.0,2156,43.1425,-81.1919,4.07,BS_239,19.99,Fully Served,None,0.0,N/A,TN
0,0.0,0.0,2157,43.3443,-79.9164,3.23,BS_108,20.0,Fully Served,None,0.0,N/A,TN
0,0.0,0.0,2158,43.1075,-80.0368,0.46,BS_573,99.95,Fully Served,None,0.0,N/A,TN
0,0.0,0.0,2159,45.2945,-75.7801,0.98,BS_41,19.51,Fully Served,None,0.0,N/A,TN
0,0.0,0.0,2160,44.0131,-80.8544,0.53,None,0.0,No 5G Tower in Geographic Range,Sat_STARLINK-SHELL-1-066-003,300.0,Fully Served,LEO
0,0.0,0.0,2161,43.7099,-79.4528,0.88,BS_167,20.0,Fully Served,None,0.0,N/A,TN
0,0.0,0.0,2163,43.9734,-79.3115,4.21,BS_421,19.94,Fully Served,None,0.0,N/A,TN
0,0.0,0.0,2164,44.0408,-79.2893,0.11,BS_424,19.85,Fully Served,None,0.0,N/A,TN
0,0.0,0.0,2165,42.9925,-81.2566,0.89,BS_709,19.31,Fully Served,None,0.0,N/A,TN
0,0.0,0.0,2166,43.1443,-79.9391,0.65,BS_148,19.41,Fully Served,None,0.0,N/A,TN
0,0.0,0.0,2167,42.7375,-81.6129,0.19,BS_625,100.0,Fully Served,None,0.0,N/A,TN
0,0.0,0.0,2168,46.5938,-81.2334,0.46,BS_24,20.0,Fully Served,None,0.0,N/A,TN
0,0.0,0.0,2169,45.2731,-75.9102,0.45,None,0.0,No 5G Tower in Geographic Range,Sat_STARLINK-SHELL-1-067-003,299.85,Fully Served,LEO
0,0.0,0.0,2170,43.1107,-80.1238,2.47,BS_571,20.0,Fully Served,None,0.0,N/A,TN
0,0.0,0.0,2171,43.6445,-79.4348,0.4,BS_160,19.57,Fully Served,None,0.0,N/A,TN
0,0.0,0.0,2172,46.6489,-80.9883,0.61,BS_300,19.91,Fully Served,None,0.0,N/A,TN
0,0.0,0.0,2173,43.0182,-81.0379,2.35,BS_551,19.99,Fully Served,None,0.0,N/A,TN
0,0.0,0.0,2174,44.2889,-79.463,2.92,None,0.0,No 5G Tower in Geographic Range,Sat_STARLINK-SHELL-1-066-003,300.0,Fully Served,LEO
0,0.0,0.0,2175,42.951,-81.4272,0.6,BS_52,19.78,Fully Served,None,0.0,N/A,TN
0,0.0,0.0,2176,43.6987,-79.4298,0.31,BS_174,20.0,Fully Served,None,0.0,N/A,TN
0,0.0,0.0,2177,45.4085,-75.7218,0.37,BS_638,20.0,Fully Served,None,0.0,N/A,TN
0,0.0,0.0,2178,43.6825,-79.3394,0.32,BS_475,20.0,Fully Served,None,0.0,N/A,TN
0,0.0,0.0,2179,42.9961,-81.3773,0.32,BS_66,19.96,Fully Served,None,0.0,N/A,TN
0,0.0,0.0,2180,46.5181,-81.1351,0.77,BS_21,19.56,Fully Served,None,0.0,N/A,TN
0,0.0,0.0,2182,43.7351,-79.4591,0.97,BS_159,20.0,Fully Served,None,0.0,N/A,TN
0,0.0,0.0,2183,43.8076,-79.4314,4.01,BS_97,18.8,Fully Served,None,0.0,N/A,TN
0,0.0,0.0,2184,43.7814,-79.3214,0.36,BS_473,19.45,Fully Served,None,0.0,N/A,TN
0,0.0,0.0,2185,43.3736,-79.9831,4.72,BS_106,19.73,Fully Served,None,0.0,N/A,TN
0,0.0,0.0,2187,42.9619,-79.9586,0.65,BS_384,20.0,Fully Served,None,0.0,N/A,TN
0,0.0,0.0,2188,46.3611,-80.9723,0.54,BS_490,19.87,Fully Served,None,0.0,N/A,TN
0,0.0,0.0,2189,43.1938,-79.939,0.11,BS_145,19.87,Fully Served,None,0.0,N/A,TN
0,0.0,0.0,2190,44.6082,-76.345,3.2,BS_81,100.0,Fully Served,None,0.0,N/A,TN
0,0.0,0.0,2191,42.929,-81.3811,4.18,BS_55,19.95,Fully Served,None,0.0,N/A,TN
0,0.0,0.0,2193,45.3853,-75.2172,0.52,None,0.0,No 5G Tower in Geographic Range,Sat_STARLINK-SHELL-1-067-003,300.0,Fully Served,LEO
0,0.0,0.0,2194,43.3444,-80.1096,0.8,BS_372,100.0,Fully Served,None,0.0,N/A,TN
0,0.0,0.0,2195,43.7048,-79.5243,0.63,BS_648,20.0,Fully Served,None,0.0,N/A,TN
0,0.0,0.0,2196,46.5579,-80.7671,0.67,BS_395,19.89,Fully Served,None,0.0,N/A,TN
0,0.0,0.0,2197,45.1296,-75.655,2.17,BS_695,19.94,Fully Served,None,0.0,N/A,TN
0,0.0,0.0,2198,46.5587,-80.8877,0.77,BS_303,20.0,Fully Served,None,0.0,N/A,TN
0,0.0,0.0,2199,44.0516,-79.2856,0.83,BS_424,19.95,Fully Served,None,0.0,N/A,TN
0,0.0,0.0,2200,42.976,-79.7051,3.49,BS_325,19.64,Fully Served,None,0.0,N/A,TN
0,0.0,0.0,2201,42.9338,-81.2597,0.93,BS_719,19.84,Fully Served,None,0.0,N/A,TN
0,0.0,0.0,2202,45.3816,-75.7742,0.57,BS_630,20.0,Fully Served,None,0.0,N/A,TN
0,0.0,0.0,2204,43.3519,-79.8733,0.38,BS_104,19.56,Fully Served,None,0.0,N/A,TN
0,0.0,0.0,2205,43.0187,-81.2741,0.91,BS_715,20.0,Fully Served,None,0.0,N/A,TN
0,0.0,0.0,2206,46.5517,-80.8495,0.76,BS_403,100.0,Fully Served,None,0.0,N/A,TN
0,0.0,0.0,2207,43.205,-79.7822,3.42,BS_10,19.48,Fully Served,None,0.0,N/A,TN
0,0.0,0.0,2208,45.447,-75.6059,3.86,BS_270,19.8,Fully Served,None,0.0,N/A,TN
0,0.0,0.0,2209,42.8389,-81.2657,2.61,BS_710,19.8,Fully Served,None,0.0,N/A,TN
0,0.0,0.0,2211,45.431,-75.5968,4.07,BS_276,20.0,Fully Served,None,0.0,N/A,TN
0,0.0,0.0,2213,43.8154,-79.4899,0.85,BS_650,20.0,Fully Served,None,0.0,N/A,TN
0,0.0,0.0,2214,43.4205,-79.8718,0.67,BS_107,19.91,Fully Served,None,0.0,N/A,TN
0,0.0,0.0,2216,43.1129,-81.3487,2.66,BS_65,20.0,Fully Served,None,0.0,N/A,TN
0,0.0,0.0,2217,43.3172,-79.9384,0.69,BS_103,20.0,Fully Served,None,0.0,N/A,TN
0,0.0,0.0,2218,43.0472,-81.3877,0.33,BS_61,19.95,Fully Served,None,0.0,N/A,TN
0,0.0,0.0,2220,43.202,-81.1457,2.59,BS_529,20.0,Fully Served,None,0.0,N/A,TN
0,0.0,0.0,2221,43.7602,-79.2609,0.45,BS_482,19.71,Fully Served,None,0.0,N/A,TN
0,0.0,0.0,2222,46.2973,-81.2129,0.67,BS_129,20.0,Fully Served,None,0.0,N/A,TN
0,0.0,0.0,2223,43.0078,-79.9391,0.61,BS_374,19.95,Fully Served,None,0.0,N/A,TN
0,0.0,0.0,2224,43.6679,-79.6988,0.36,BS_339,19.66,Fully Served,None,0.0,N/A,TN
0,0.0,0.0,2225,43.8611,-79.1628,0.2,BS_732,20.0,Fully Served,None,0.0,N/A,TN
0,0.0,0.0,2226,43.2843,-79.9614,0.42,BS_150,19.58,Fully Served,None,0.0,N/A,TN
0,0.0,0.0,2227,43.6805,-79.5995,0.9,BS_335,19.82,Fully Served,None,0.0,N/A,TN
0,0.0,0.0,2228,43.7324,-79.3877,0.75,BS_163,19.86,Fully Served,None,0.0,N/A,TN
0,0.0,0.0,2229,45.4167,-75.6286,4.67,BS_642,20.0,Fully Served,None,0.0,N/A,TN
0,0.0,0.0,2230,43.3022,-80.0418,4.19,BS_363,20.0,Fully Served,None,0.0,N/A,TN
0,0.0,0.0,2231,44.3304,-76.6621,0.75,BS_222,20.0,Fully Served,None,0.0,N/A,TN
0,0.0,0.0,2232,46.5465,-80.961,0.47,BS_296,19.61,Fully Served,None,0.0,N/A,TN
0,0.0,0.0,2233,43.3757,-79.9358,0.88,BS_106,18.55,Fully Served,None,0.0,N/A,TN
0,0.0,0.0,2234,43.0341,-80.9812,0.11,BS_550,19.88,Fully Served,None,0.0,N/A,TN
0,0.0,0.0,2235,44.3414,-76.4366,0.11,BS_612,100.0,Fully Served,None,0.0,N/A,TN
0,0.0,0.0,2236,45.2953,-75.4814,0.85,BS_190,19.96,Fully Served,None,0.0,N/A,TN
0,0.0,0.0,2237,45.2593,-75.8143,0.16,BS_31,19.3,Fully Served,None,0.0,N/A,TN
0,0.0,0.0,2238,43.337,-80.0047,2.99,BS_115,20.0,Fully Served,None,0.0,N/A,TN
0,0.0,0.0,2239,45.3208,-76.0135,0.73,BS_467,100.0,Fully Served,None,0.0,N/A,TN
0,0.0,0.0,2240,43.2214,-79.8191,0.59,BS_0,19.71,Fully Served,None,0.0,N/A,TN
0,0.0,0.0,2241,42.766,-80.9757,0.37,BS_553,100.0,Fully Served,None,0.0,N/A,TN
0,0.0,0.0,2243,43.7629,-79.345,0.6,BS_98,20.0,Fully Served,None,0.0,N/A,TN
0,0.0,0.0,2244,43.2036,-79.8878,0.14,BS_11,19.93,Fully Served,None,0.0,N/A,TN
0,0.0,0.0,2245,44.3074,-76.6347,0.98,BS_259,20.0,Fully Served,None,0.0,N/A,TN
0,0.0,0.0,2246,46.3252,-80.707,0.62,BS_503,100.0,Fully Served,None,0.0,N/A,TN
0,0.0,0.0,2247,46.4873,-81.2452,0.56,BS_17,20.0,Fully Served,None,0.0,N/A,TN
0,0.0,0.0,2248,43.1363,-81.4055,0.86,BS_429,19.77,Fully Served,None,0.0,N/A,TN
0,0.0,0.0,2249,43.169,-79.5621,0.79,BS_331,100.0,Fully Served,None,0.0,N/A,TN
0,0.0,0.0,2250,43.3312,-79.8538,0.56,BS_112,19.41,Fully Served,None,0.0,N/A,TN
0,0.0,0.0,2251,43.4098,-79.9492,3.21,BS_110,19.47,Fully Served,None,0.0,N/A,TN
0,0.0,0.0,2252,42.9912,-81.4355,1.0,BS_59,19.94,Fully Served,None,0.0,N/A,TN
0,0.0,0.0,2253,43.3594,-79.7554,2.18,BS_515,19.92,Fully Served,None,0.0,N/A,TN
0,0.0,0.0,2254,44.2378,-76.7242,0.35,BS_258,19.49,Fully Served,None,0.0,N/A,TN
0,0.0,0.0,2255,46.51,-81.1936,0.62,BS_22,20.0,Fully Served,None,0.0,N/A,TN
0,0.0,0.0,2256,43.9614,-79.0109,4.7,None,0.0,No 5G Tower in Geographic Range,Sat_STARLINK-SHELL-1-066-003,300.0,Fully Served,LEO
0,0.0,0.0,2257,43.136,-79.7968,4.32,BS_8,19.82,Fully Served,None,0.0,N/A,TN
0,0.0,0.0,2258,45.2787,-75.7697,0.4,BS_41,19.32,Fully Served,None,0.0,N/A,TN
0,0.0,0.0,2259,42.9765,-79.9646,0.98,BS_384,19.59,Fully Served,None,0.0,N/A,TN
0,0.0,0.0,2260,46.6578,-80.8469,0.98,BS_674,20.0,Fully Served,None,0.0,N/A,TN
0,0.0,0.0,2261,45.3459,-75.7667,0.81,BS_35,19.95,Fully Served,None,0.0,N/A,TN
0,0.0,0.0,2262,46.4785,-81.4536,0.5,None,0.0,No 5G Tower in Geographic Range,Sat_STARLINK-SHELL-2-066-003,300.0,Fully Served,LEO
0,0.0,0.0,2263,43.0387,-79.9623,0.75,BS_388,19.53,Fully Served,None,0.0,N/A,TN
0,0.0,0.0,2264,42.9882,-79.8746,0.19,BS_385,19.99,Fully Served,None,0.0,N/A,TN
0,0.0,0.0,2265,43.0786,-79.8217,0.99,BS_381,19.64,Fully Served,None,0.0,N/A,TN
0,0.0,0.0,2266,45.3981,-75.6868,0.11,BS_641,19.61,Fully Served,None,0.0,N/A,TN
0,0.0,0.0,2267,45.1417,-75.7563,0.93,BS_700,20.0,Fully Served,None,0.0,N/A,TN
0,0.0,0.0,2268,43.7294,-79.3644,4.33,BS_479,18.71,Fully Served,None,0.0,N/A,TN
0,0.0,0.0,2269,46.5652,-81.1302,0.99,BS_18,20.0,Fully Served,None,0.0,N/A,TN
0,0.0,0.0,2270,43.3716,-79.9208,2.49,BS_119,19.95,Fully Served,None,0.0,N/A,TN
0,0.0,0.0,2271,43.3863,-79.885,0.15,BS_111,20.0,Fully Served,None,0.0,N/A,TN
0,0.0,0.0,2273,44.2901,-76.4336,0.49,BS_593,19.69,Fully Served,None,0.0,N/A,TN
0,0.0,0.0,2274,43.0821,-80.2613,0.46,BS_287,19.92,Fully Served,None,0.0,N/A,TN
0,0.0,0.0,2275,46.6435,-81.0404,0.67,BS_25,20.0,Fully Served,None,0.0,N/A,TN
0,0.0,0.0,2276,45.2961,-75.5904,0.93,BS_193,19.99,Fully Served,None,0.0,N/A,TN
0,0.0,0.0,2277,46.5436,-80.9038,0.12,BS_312,20.0,Fully Served,None,0.0,N/A,TN
0,0.0,0.0,2278,43.1234,-81.2193,0.48,BS_245,19.82,Fully Served,None,0.0,N/A,TN
0,0.0,0.0,2280,43.8085,-79.6968,4.46,BS_646,19.95,Fully Served,None,0.0,N/A,TN
0,0.0,0.0,2281,43.133,-81.195,0.13,BS_239,20.0,Fully Served,None,0.0,N/A,TN
0,0.0,0.0,2282,44.4028,-76.3644,0.62,BS_88,100.0,Fully Served,None,0.0,N/A,TN
0,0.0,0.0,2283,43.3882,-79.7695,0.71,BS_506,19.78,Fully Served,None,0.0,N/A,TN
0,0.0,0.0,2284,43.5174,-79.9423,0.38,BS_751,20.0,Fully Served,None,0.0,N/A,TN
0,0.0,0.0,2285,44.6907,-79.1273,0.11,None,0.0,No 5G Tower in Geographic Range,Sat_STARLINK-SHELL-1-066-003,300.0,Fully Served,LEO
0,0.0,0.0,2286,45.4041,-75.5947,0.95,BS_266,19.56,Fully Served,None,0.0,N/A,TN
0,0.0,0.0,2287,45.2818,-75.6627,0.75,BS_192,19.91,Fully Served,None,0.0,N/A,TN
0,0.0,0.0,2288,44.4621,-76.506,2.57,BS_87,19.64,Fully Served,None,0.0,N/A,TN
0,0.0,0.0,2289,43.8348,-79.5643,0.86,BS_644,19.28,Fully Served,None,0.0,N/A,TN
0,0.0,0.0,2290,43.3607,-79.7997,0.68,BS_511,19.96,Fully Served,None,0.0,N/A,TN
0,0.0,0.0,2291,45.228,-76.0169,0.9,BS_458,19.95,Fully Served,None,0.0,N/A,TN
0,0.0,0.0,2292,44.43,-76.3127,0.1,BS_89,19.99,Fully Served,None,0.0,N/A,TN
0,0.0,0.0,2293,43.8439,-79.2822,0.56,BS_95,19.41,Fully Served,None,0.0,N/A,TN
0,0.0,0.0,2294,42.728,-81.2774,2.34,BS_211,99.83,Fully Served,None,0.0,N/A,TN
0,0.0,0.0,2296,42.9397,-81.5595,0.16,BS_451,19.77,Fully Served,None,0.0,N/A,TN
0,0.0,0.0,2297,43.1786,-79.664,0.76,BS_316,20.0,Fully Served,None,0.0,N/A,TN
0,0.0,0.0,2298,45.2314,-75.7696,0.16,BS_44,19.87,Fully Served,None,0.0,N/A,TN
0,0.0,0.0,2299,43.1376,-80.0716,0.19,BS_580,20.0,Fully Served,None,0.0,N/A,TN
0,0.0,0.0,2300,43.3811,-79.865,3.65,BS_111,19.71,Fully Served,None,0.0,N/A,TN
0,0.0,0.0,2302,46.458,-80.9963,0.7,BS_305,20.0,Fully Served,None,0.0,N/A,TN
0,0.0,0.0,2303,44.1788,-76.6677,0.66,BS_252,20.0,Fully Served,None,0.0,N/A,TN
0,0.0,0.0,2304,43.0754,-80.041,2.68,BS_582,20.0,Fully Served,None,0.0,N/A,TN
0,0.0,0.0,2306,42.9763,-81.2577,3.96,BS_709,19.85,Fully Served,None,0.0,N/A,TN
0,0.0,0.0,2307,43.2083,-79.9477,0.88,BS_154,19.68,Fully Served,None,0.0,N/A,TN
0,0.0,0.0,2308,43.7072,-79.4984,2.61,BS_162,20.0,Fully Served,None,0.0,N/A,TN
0,0.0,0.0,2309,45.3164,-75.8302,0.6,BS_34,19.68,Fully Served,None,0.0,N/A,TN
0,0.0,0.0,2310,46.7707,-80.9018,0.73,BS_683,20.0,Fully Served,None,0.0,N/A,TN
0,0.0,0.0,2311,43.3692,-79.7867,0.38,BS_511,20.0,Fully Served,None,0.0,N/A,TN
0,0.0,0.0,2312,42.7092,-81.2497,0.33,BS_202,20.0,Fully Served,None,0.0,N/A,TN
0,0.0,0.0,2313,45.3699,-75.8223,0.72,BS_43,18.99,Fully Served,None,0.0,N/A,TN
0,0.0,0.0,2314,43.0543,-79.797,0.95,BS_387,19.87,Fully Served,None,0.0,N/A,TN
0,0.0,0.0,2315,43.2706,-80.0192,0.16,BS_153,19.92,Fully Served,None,0.0,N/A,TN
0,0.0,0.0,2316,43.1964,-79.9175,0.48,BS_145,19.92,Fully Served,None,0.0,N/A,TN
0,0.0,0.0,2317,43.0571,-80.0338,0.78,BS_582,19.73,Fully Served,None,0.0,N/A,TN
0,0.0,0.0,2318,43.0824,-79.8406,0.87,BS_381,20.0,Fully Served,None,0.0,N/A,TN
0,0.0,0.0,2319,43.0613,-81.0797,0.83,BS_241,19.99,Fully Served,None,0.0,N/A,TN
0,0.0,0.0,2320,44.2852,-76.8433,0.33,None,0.0,No 5G Tower in Geographic Range,Sat_STARLINK-SHELL-1-066-003,300.0,Fully Served,LEO
0,0.0,0.0,2321,46.2333,-81.0789,4.54,BS_132,100.0,Fully Served,None,0.0,N/A,TN
0,0.0,0.0,2322,43.3676,-80.0445,0.89,BS_365,19.93,Fully Served,None,0.0,N/A,TN
0,0.0,0.0,2323,45.4458,-75.6176,0.83,BS_270,19.91,Fully Served,None,0.0,N/A,TN
0,0.0,0.0,2324,42.8434,-81.1337,0.91,BS_203,19.97,Fully Served,None,0.0,N/A,TN
0,0.0,0.0,2325,44.2845,-79.1555,2.24,None,0.0,No 5G Tower in Geographic Range,Sat_STARLINK-SHELL-1-066-003,300.0,Fully Served,LEO
0,0.0,0.0,2326,44.3379,-76.6113,0.62,BS_216,20.0,Fully Served,None,0.0,N/A,TN
0,0.0,0.0,2328,43.8767,-79.557,0.96,BS_407,19.89,Fully Served,None,0.0,N/A,TN
0,0.0,0.0,2329,43.1159,-79.945,0.7,BS_148,19.55,Fully Served,None,0.0,N/A,TN
0,0.0,0.0,2330,44.149,-76.3976,0.94,BS_596,19.91,Fully Served,None,0.0,N/A,TN
0,0.0,0.0,2331,43.1642,-79.7341,0.48,BS_3,19.76,Fully Served,None,0.0,N/A,TN
0,0.0,0.0,2332,44.4014,-76.3694,0.71,BS_88,99.77,Fully Served,None,0.0,N/A,TN
0,0.0,0.0,2333,42.932,-81.231,0.66,BS_719,19.94,Fully Served,None,0.0,N/A,TN
0,0.0,0.0,2334,43.1598,-81.3012,0.95,BS_442,19.87,Fully Served,None,0.0,N/A,TN
0,0.0,0.0,2335,46.4792,-81.1725,2.45,BS_14,19.94,Fully Served,None,0.0,N/A,TN
0,0.0,0.0,2337,43.1642,-81.4292,2.26,BS_441,19.99,Fully Served,None,0.0,N/A,TN
0,0.0,0.0,2338,44.1811,-76.442,0.74,BS_591,19.94,Fully Served,None,0.0,N/A,TN
0,0.0,0.0,2339,43.2308,-79.8289,0.51,BS_0,19.86,Fully Served,None,0.0,N/A,TN
0,0.0,0.0,2341,43.2482,-79.7812,0.47,BS_9,19.83,Fully Served,None,0.0,N/A,TN
0,0.0,0.0,2342,43.0309,-79.8876,0.95,BS_389,19.9,Fully Served,None,0.0,N/A,TN
0,0.0,0.0,2343,42.9745,-81.2414,0.2,BS_725,19.62,Fully Served,None,0.0,N/A,TN
0,0.0,0.0,2344,46.6829,-81.1112,3.16,BS_26,19.94,Fully Served,None,0.0,N/A,TN
0,0.0,0.0,2345,46.4473,-80.9476,0.55,BS_297,19.97,Fully Served,None,0.0,N/A,TN
0,0.0,0.0,2346,46.761,-81.0298,0.56,BS_673,100.0,Fully Served,None,0.0,N/A,TN
0,0.0,0.0,2347,43.7779,-79.5257,0.78,BS_657,20.0,Fully Served,None,0.0,N/A,TN
0,0.0,0.0,2348,45.3838,-75.453,0.13,BS_665,19.86,Fully Served,None,0.0,N/A,TN
0,0.0,0.0,2349,43.0496,-79.7054,4.65,BS_330,19.94,Fully Served,None,0.0,N/A,TN
0,0.0,0.0,2350,45.2869,-75.5562,0.61,BS_186,19.94,Fully Served,None,0.0,N/A,TN
0,0.0,0.0,2351,44.4637,-76.5418,0.19,BS_87,19.41,Fully Served,None,0.0,N/A,TN
0,0.0,0.0,2352,44.1815,-76.6204,0.62,BS_252,19.83,Fully Served,None,0.0,N/A,TN
0,0.0,0.0,2353,45.2018,-75.331,0.69,BS_566,20.0,Fully Served,None,0.0,N/A,TN
0,0.0,0.0,2354,43.7904,-79.3651,0.99,BS_99,20.0,Fully Served,None,0.0,N/A,TN
0,0.0,0.0,2355,43.6563,-79.5412,0.81,BS_342,19.56,Fully Served,None,0.0,N/A,TN
0,0.0,0.0,2356,42.8011,-81.1884,0.1,BS_205,19.73,Fully Served,None,0.0,N/A,TN
0,0.0,0.0,2357,45.3076,-75.6256,0.35,BS_196,19.88,Fully Served,None,0.0,N/A,TN
0,0.0,0.0,2358,42.8764,-81.3031,0.19,BS_712,19.96,Fully Served,None,0.0,N/A,TN
0,0.0,0.0,2359,42.9963,-81.0904,0.67,BS_554,100.0,Fully Served,None,0.0,N/A,TN
0,0.0,0.0,2360,43.7816,-79.2269,3.85,BS_483,19.61,Fully Served,None,0.0,N/A,TN
0,0.0,0.0,2362,43.3492,-79.9293,4.55,BS_108,19.73,Fully Served,None,0.0,N/A,TN
0,0.0,0.0,2363,43.338,-79.9132,0.19,BS_108,19.1,Fully Served,None,0.0,N/A,TN
0,0.0,0.0,2364,43.0887,-81.2249,0.5,BS_231,20.0,Fully Served,None,0.0,N/A,TN
0,0.0,0.0,2365,45.3573,-75.5524,2.81,BS_268,20.0,Fully Served,None,0.0,N/A,TN
0,0.0,0.0,2366,42.9696,-81.3068,0.14,BS_713,20.0,Fully Served,None,0.0,N/A,TN
0,0.0,0.0,2367,43.2181,-79.9026,0.97,BS_155,19.64,Fully Served,None,0.0,N/A,TN
0,0.0,0.0,2368,45.2351,-75.5964,0.37,BS_195,20.0,Fully Served,None,0.0,N/A,TN
0,0.0,0.0,2369,42.9612,-81.3211,0.69,BS_724,18.82,Fully Served,None,0.0,N/A,TN
0,0.0,0.0,2370,42.9661,-79.9085,0.88,BS_385,19.96,Fully Served,None,0.0,N/A,TN
0,0.0,0.0,2371,43.3798,-79.8325,0.91,BS_516,19.91,Fully Served,None,0.0,N/A,TN
0,0.0,0.0,2372,43.107,-80.0414,0.68,BS_573,100.0,Fully Served,None,0.0,N/A,TN
0,0.0,0.0,2373,42.9531,-81.2903,0.5,BS_726,19.87,Fully Served,None,0.0,N/A,TN
0,0.0,0.0,2374,44.4887,-76.3528,0.68,BS_86,100.0,Fully Served,None,0.0,N/A,TN
0,0.0,0.0,2375,43.1197,-81.2831,3.31,BS_442,19.68,Fully Served,None,0.0,N/A,TN
0,0.0,0.0,2376,45.3833,-75.6615,0.11,BS_631,19.55,Fully Served,None,0.0,N/A,TN
0,0.0,0.0,2377,46.6256,-81.1364,3.99,BS_29,19.96,Fully Served,None,0.0,N/A,TN
0,0.0,0.0,2378,43.7097,-79.573,0.32,BS_651,19.45,Fully Served,None,0.0,N/A,TN
0,0.0,0.0,2379,46.5546,-80.9554,0.87,BS_296,19.03,Fully Served,None,0.0,N/A,TN
0,0.0,0.0,2380,43.0019,-79.8313,4.85,BS_376,19.95,Fully Served,None,0.0,N/A,TN
0,0.0,0.0,2381,43.7943,-79.2761,0.51,BS_476,19.67,Fully Served,None,0.0,N/A,TN
0,0.0,0.0,2382,43.8582,-79.1673,0.18,BS_732,19.97,Fully Served,None,0.0,N/A,TN
0,0.0,0.0,2383,42.8577,-81.1014,0.17,BS_540,20.0,Fully Served,None,0.0,N/A,TN
0,0.0,0.0,2384,42.8144,-81.189,0.62,BS_205,19.96,Fully Served,None,0.0,N/A,TN
0,0.0,0.0,2385,46.5517,-80.9737,4.26,BS_296,20.0,Fully Served,None,0.0,N/A,TN
0,0.0,0.0,2386,43.8979,-79.1738,3.53,BS_734,20.0,Fully Served,None,0.0,N/A,TN
0,0.0,0.0,2387,45.4595,-75.4873,3.56,BS_283,100.0,Fully Served,None,0.0,N/A,TN
0,0.0,0.0,2388,43.1699,-80.1253,0.72,BS_574,20.0,Fully Served,None,0.0,N/A,TN
0,0.0,0.0,2389,43.173,-79.1987,0.16,None,0.0,No 5G Tower in Geographic Range,Sat_STARLINK-SHELL-2-048-007,300.0,Fully Served,LEO
0,0.0,0.0,2390,42.7124,-81.3892,0.2,BS_615,19.97,Fully Served,None,0.0,N/A,TN
0,0.0,0.0,2392,43.0365,-81.4717,0.51,BS_50,19.94,Fully Served,None,0.0,N/A,TN
0,0.0,0.0,2393,44.2459,-76.8053,0.83,None,0.0,No 5G Tower in Geographic Range,Sat_STARLINK-SHELL-1-066-003,300.0,Fully Served,LEO
0,0.0,0.0,2394,43.6552,-79.3777,0.49,BS_158,20.0,Fully Served,None,0.0,N/A,TN
0,0.0,0.0,2395,43.2647,-79.9379,0.72,BS_151,19.9,Fully Served,None,0.0,N/A,TN
0,0.0,0.0,2396,43.0812,-79.9459,0.79,BS_377,20.0,Fully Served,None,0.0,N/A,TN
0,0.0,0.0,2397,43.0979,-81.3813,0.72,BS_65,19.41,Fully Served,None,0.0,N/A,TN
0,0.0,0.0,2398,45.3002,-75.4343,0.73,BS_560,19.38,Fully Served,None,0.0,N/A,TN
0,0.0,0.0,2399,43.7351,-79.4949,3.16,BS_645,19.49,Fully Served,None,0.0,N/A,TN
0,0.0,0.0,2400,43.2009,-79.8043,0.57,BS_10,19.06,Fully Served,None,0.0,N/A,TN
0,0.0,0.0,2401,43.0936,-81.1718,0.49,BS_248,19.73,Fully Served,None,0.0,N/A,TN
0,0.0,0.0,2402,45.4578,-75.5917,0.55,BS_267,20.0,Fully Served,None,0.0,N/A,TN
0,0.0,0.0,2403,42.845,-81.3585,3.61,BS_618,18.69,Fully Served,None,0.0,N/A,TN
0,0.0,0.0,2404,45.2506,-75.7704,0.15,BS_31,19.32,Fully Served,None,0.0,N/A,TN
0,0.0,0.0,2406,43.6116,-79.384,0.56,BS_165,19.35,Fully Served,None,0.0,N/A,TN
0,0.0,0.0,2407,45.1813,-75.9734,0.3,BS_463,100.0,Fully Served,None,0.0,N/A,TN
0,0.0,0.0,2409,43.0974,-81.0394,0.18,BS_519,19.7,Fully Served,None,0.0,N/A,TN
0,0.0,0.0,2410,43.0728,-81.3781,0.5,BS_57,19.61,Fully Served,None,0.0,N/A,TN
0,0.0,0.0,2411,43.1927,-79.8242,0.73,BS_4,19.22,Fully Served,None,0.0,N/A,TN
0,0.0,0.0,2412,42.8764,-81.1139,0.66,BS_540,19.92,Fully Served,None,0.0,N/A,TN
0,0.0,0.0,2413,45.4133,-75.9186,0.46,BS_466,100.0,Fully Served,None,0.0,N/A,TN
0,0.0,0.0,2414,43.6307,-79.4154,0.51,BS_165,19.26,Fully Served,None,0.0,N/A,TN
0,0.0,0.0,2415,44.1837,-76.4227,0.12,BS_611,19.93,Fully Served,None,0.0,N/A,TN
0,0.0,0.0,2416,45.2635,-75.7527,0.86,BS_45,19.99,Fully Served,None,0.0,N/A,TN
0,0.0,0.0,2417,42.8178,-81.366,2.49,BS_618,19.97,Fully Served,None,0.0,N/A,TN
0,0.0,0.0,2418,46.4859,-81.0934,0.63,BS_23,19.75,Fully Served,None,0.0,N/A,TN
0,0.0,0.0,2419,45.4182,-75.4307,3.89,BS_661,19.45,Fully Served,None,0.0,N/A,TN
0,0.0,0.0,2420,46.4185,-81.0534,3.76,BS_127,19.86,Fully Served,None,0.0,N/A,TN
0,0.0,0.0,2421,44.2858,-76.5162,0.35,BS_262,19.46,Fully Served,None,0.0,N/A,TN
0,0.0,0.0,2422,46.2751,-80.8062,0.89,BS_501,100.0,Fully Served,None,0.0,N/A,TN
0,0.0,0.0,2423,43.1196,-81.3688,3.55,BS_65,19.81,Fully Served,None,0.0,N/A,TN
0,0.0,0.0,2424,42.9888,-81.1306,0.45,BS_240,19.81,Fully Served,None,0.0,N/A,TN
0,0.0,0.0,2426,44.306,-76.4771,0.6,BS_250,20.0,Fully Served,None,0.0,N/A,TN
0,0.0,0.0,2428,43.1486,-79.7852,0.81,BS_8,19.96,Fully Served,None,0.0,N/A,TN
0,0.0,0.0,2429,43.3977,-79.9359,3.42,BS_110,19.86,Fully Served,None,0.0,N/A,TN
0,0.0,0.0,2430,43.6814,-79.3088,0.37,BS_481,19.93,Fully Served,None,0.0,N/A,TN
0,0.0,0.0,2431,43.1107,-81.2611,0.63,BS_234,19.67,Fully Served,None,0.0,N/A,TN
0,0.0,0.0,2432,43.226,-80.051,4.64,BS_572,20.0,Fully Served,None,0.0,N/A,TN
0,0.0,0.0,2433,43.0832,-79.7902,0.44,BS_373,20.0,Fully Served,None,0.0,N/A,TN
0,0.0,0.0,2434,42.9675,-81.0677,0.15,BS_544,20.0,Fully Served,None,0.0,N/A,TN
0,0.0,0.0,2435,42.9273,-81.1985,0.59,BS_711,18.98,Fully Served,None,0.0,N/A,TN
0,0.0,0.0,2436,43.2072,-79.934,0.91,BS_154,19.08,Fully Served,None,0.0,N/A,TN
0,0.0,0.0,2437,45.294,-75.5499,0.65,BS_186,20.0,Fully Served,None,0.0,N/A,TN
0,0.0,0.0,2438,46.4168,-81.1647,0.18,BS_120,100.0,Fully Served,None,0.0,N/A,TN
0,0.0,0.0,2439,43.7021,-79.6248,0.13,BS_334,19.9,Fully Served,None,0.0,N/A,TN
0,0.0,0.0,2440,43.7813,-79.4201,0.19,BS_102,19.56,Fully Served,None,0.0,N/A,TN
0,0.0,0.0,2441,43.2144,-81.2972,0.59,BS_428,20.0,Fully Served,None,0.0,N/A,TN
0,0.0,0.0,2442,45.4464,-75.6898,0.79,BS_633,20.0,Fully Served,None,0.0,N/A,TN
0,0.0,0.0,2443,46.3999,-81.0907,0.5,BS_123,19.84,Fully Served,None,0.0,N/A,TN
0,0.0,0.0,2444,43.6558,-79.4082,0.58,BS_170,18.65,Fully Served,None,0.0,N/A,TN
0,0.0,0.0,2445,42.7336,-81.0033,0.14,BS_208,20.0,Fully Served,None,0.0,N/A,TN
0,0.0,0.0,2446,43.299,-80.1199,0.3,BS_358,20.0,Fully Served,None,0.0,N/A,TN
0,0.0,0.0,2447,43.6949,-79.3662,4.07,BS_166,19.91,Fully Served,None,0.0,N/A,TN
0,0.0,0.0,2448,43.6483,-79.6451,0.7,BS_341,20.0,Fully Served,None,0.0,N/A,TN
0,0.0,0.0,2449,43.0496,-81.226,0.34,BS_237,20.0,Fully Served,None,0.0,N/A,TN
0,0.0,0.0,2450,43.7415,-79.2309,0.95,BS_480,20.0,Fully Served,None,0.0,N/A,TN
0,0.0,0.0,2451,45.4594,-75.6384,0.87,BS_270,20.0,Fully Served,None,0.0,N/A,TN
0,0.0,0.0,2452,45.3221,-75.6607,0.74,BS_635,19.03,Fully Served,None,0.0,N/A,TN
0,0.0,0.0,2453,43.2234,-79.989,0.6,BS_144,19.8,Fully Served,None,0.0,N/A,TN
0,0.0,0.0,2454,42.819,-81.2955,0.53,BS_722,19.79,Fully Served,None,0.0,N/A,TN
0,0.0,0.0,2455,43.2701,-81.2083,0.79,BS_435,100.0,Fully Served,None,0.0,N/A,TN
0,0.0,0.0,2456,44.3137,-76.4324,0.92,BS_593,20.0,Fully Served,None,0.0,N/A,TN
0,0.0,0.0,2457,43.7654,-79.5986,0.98,BS_654,19.98,Fully Served,None,0.0,N/A,TN
0,0.0,0.0,2458,46.572,-80.82,0.91,BS_392,20.0,Fully Served,None,0.0,N/A,TN
0,0.0,0.0,2460,42.9363,-79.6754,0.6,BS_320,19.92,Fully Served,None,0.0,N/A,TN
0,0.0,0.0,2461,43.2092,-80.0642,0.84,BS_589,19.22,Fully Served,None,0.0,N/A,TN
0,0.0,0.0,2462,45.4827,-75.5216,0.64,BS_269,19.73,Fully Served,None,0.0,N/A,TN
0,0.0,0.0,2463,43.1552,-80.0206,0.87,BS_569,19.76,Fully Served,None,0.0,N/A,TN
0,0.0,0.0,2464,45.2767,-75.4793,0.15,BS_178,20.0,Fully Served,None,0.0,N/A,TN
0,0.0,0.0,2465,43.6823,-79.3096,0.75,BS_481,19.9,Fully Served,None,0.0,N/A,TN
0,0.0,0.0,2466,43.2622,-79.9404,0.85,BS_149,18.83,Fully Served,None,0.0,N/A,TN
0,0.0,0.0,2467,43.5424,-79.8609,0.78,BS_753,19.99,Fully Served,None,0.0,N/A,TN
0,0.0,0.0,2468,43.2122,-79.886,0.98,BS_155,19.54,Fully Served,None,0.0,N/A,TN
0,0.0,0.0,2470,44.2459,-76.5544,2.12,BS_264,19.55,Fully Served,None,0.0,N/A,TN
0,0.0,0.0,2471,45.2174,-75.585,0.52,BS_182,19.95,Fully Served,None,0.0,N/A,TN
0,0.0,0.0,2472,42.9689,-81.2128,0.13,BS_725,20.0,Fully Served,None,0.0,N/A,TN
0,0.0,0.0,2474,43.0239,-81.2744,0.56,BS_715,19.75,Fully Served,None,0.0,N/A,TN
0,0.0,0.0,2475,42.9071,-81.1903,2.47,BS_711,19.36,Fully Served,None,0.0,N/A,TN
0,0.0,0.0,2476,43.1892,-80.0494,0.34,BS_587,19.56,Fully Served,None,0.0,N/A,TN
0,0.0,0.0,2477,44.2857,-76.5835,0.87,BS_251,19.79,Fully Served,None,0.0,N/A,TN
0,0.0,0.0,2478,44.4382,-76.6324,0.73,BS_217,19.96,Fully Served,None,0.0,N/A,TN
0,0.0,0.0,2479,42.9483,-79.8553,0.13,None,0.0,No 5G Tower in Geographic Range,Sat_STARLINK-SHELL-2-048-007,300.0,Fully Served,LEO
0,0.0,0.0,2480,46.6097,-81.3739,0.56,None,0.0,No 5G Tower in Geographic Range,Sat_STARLINK-SHELL-2-066-003,300.0,Fully Served,LEO
0,0.0,0.0,2481,43.2671,-81.2189,0.83,BS_435,99.91,Fully Served,None,0.0,N/A,TN
0,0.0,0.0,2482,45.4147,-75.6843,0.38,BS_641,19.72,Fully Served,None,0.0,N/A,TN
0,0.0,0.0,2483,45.2801,-75.8173,0.57,BS_31,19.41,Fully Served,None,0.0,N/A,TN
0,0.0,0.0,2486,42.9716,-81.4061,0.57,BS_52,19.85,Fully Served,None,0.0,N/A,TN
0,0.0,0.0,2487,43.7027,-79.87,0.9,BS_752,100.0,Fully Served,None,0.0,N/A,TN
0,0.0,0.0,2488,43.4664,-79.9528,3.65,BS_113,19.57,Fully Served,None,0.0,N/A,TN
0,0.0,0.0,2489,42.8986,-81.2212,0.7,BS_711,19.45,Fully Served,None,0.0,N/A,TN
0,0.0,0.0,2490,43.1398,-81.3353,3.68,BS_433,19.76,Fully Served,None,0.0,N/A,TN
0,0.0,0.0,2491,50.3791,-83.7807,0.79,None,0.0,No 5G Tower in Geographic Range,Sat_STARLINK-SHELL-2-051-006,300.0,Fully Served,LEO
0,0.0,0.0,2492,51.341,-91.0793,3.55,None,0.0,No 5G Tower in Geographic Range,Sat_STARLINK-SHELL-3-003-020,300.0,Fully Served,LEO
0,0.0,0.0,2493,51.4665,-94.8026,0.42,None,0.0,No 5G Tower in Geographic Range,Sat_STARLINK-SHELL-1-059-004,300.0,Fully Served,LEO
0,0.0,0.0,2495,50.7322,-81.5187,0.99,None,0.0,No 5G Tower in Geographic Range,Sat_STARLINK-SHELL-1-061-004,300.0,Fully Served,LEO
0,0.0,0.0,2496,52.4285,-89.9443,0.47,None,0.0,No 5G Tower in Geographic Range,Sat_STARLINK-SHELL-3-003-020,300.0,Fully Served,LEO
0,0.0,0.0,2497,54.4207,-82.6918,0.92,None,0.0,No 5G Tower in Geographic Range,Sat_STARLINK-SHELL-4-023-006,300.0,Fully Served,LEO
0,0.0,0.0,2498,50.5979,-85.9404,0.63,None,0.0,No 5G Tower in Geographic Range,Sat_STARLINK-SHELL-4-035-002,300.0,Fully Served,LEO
0,0.0,0.0,2499,48.1779,-82.2012,0.82,None,0.0,No 5G Tower in Geographic Range,Sat_STARLINK-SHELL-1-051-006,300.0,Fully Served,LEO
0,0.0,0.0,2500,48.0371,-82.7802,0.13,None,0.0,No 5G Tower in Geographic Range,Sat_STARLINK-SHELL-1-051-006,300.0,Fully Served,LEO
0,0.0,0.0,2501,50.9056,-88.5563,0.81,None,0.0,No 5G Tower in Geographic Range,Sat_STARLINK-SHELL-1-060-004,300.0,Fully Served,LEO
0,0.0,0.0,2502,45.8439,-76.8344,0.91,None,0.0,No 5G Tower in Geographic Range,Sat_STARLINK-SHELL-1-066-003,300.0,Fully Served,LEO
0,0.0,0.0,2503,52.3177,-94.5822,0.65,None,0.0,No 5G Tower in Geographic Range,Sat_STARLINK-SHELL-2-059-004,300.0,Fully Served,LEO
0,0.0,0.0,2504,53.2058,-93.3585,2.53,None,0.0,No 5G Tower in Geographic Range,Sat_STARLINK-SHELL-2-054-005,300.0,Fully Served,LEO
0,0.0,0.0,2505,53.1749,-91.792,0.4,None,0.0,No 5G Tower in Geographic Range,Sat_STARLINK-SHELL-2-054-005,300.0,Fully Served,LEO
0,0.0,0.0,2506,49.4062,-86.4463,0.51,None,0.0,No 5G Tower in Geographic Range,Sat_STARLINK-SHELL-4-035-002,300.0,Fully Served,LEO
0,0.0,0.0,2507,51.9094,-88.6112,0.58,None,0.0,No 5G Tower in Geographic Range,Sat_STARLINK-SHELL-2-060-004,300.0,Fully Served,LEO
0,0.0,0.0,2509,50.8085,-87.6795,0.72,None,0.0,No 5G Tower in Geographic Range,Sat_STARLINK-SHELL-1-060-004,300.0,Fully Served,LEO
0,0.0,0.0,2510,51.709,-90.3179,0.41,None,0.0,No 5G Tower in Geographic Range,Sat_STARLINK-SHELL-3-003-020,300.0,Fully Served,LEO
0,0.0,0.0,2511,50.3678,-90.0548,0.57,None,0.0,No 5G Tower in Geographic Range,Sat_STARLINK-SHELL-5-002-015,300.0,Fully Served,LEO
0,0.0,0.0,2512,55.5252,-89.0132,0.85,None,0.0,No 5G Tower in Geographic Range,Sat_STARLINK-SHELL-4-022-006,300.0,Fully Served,LEO
0,0.0,0.0,2513,52.4042,-89.8294,0.72,None,0.0,No 5G Tower in Geographic Range,Sat_STARLINK-SHELL-3-003-020,300.0,Fully Served,LEO
0,0.0,0.0,2514,45.0333,-77.6654,0.85,None,0.0,No 5G Tower in Geographic Range,Sat_STARLINK-SHELL-1-066-003,300.0,Fully Served,LEO
0,0.0,0.0,2515,54.7747,-88.4732,2.52,None,0.0,No 5G Tower in Geographic Range,Sat_STARLINK-SHELL-2-055-005,300.0,Fully Served,LEO
0,0.0,0.0,2516,51.378,-80.8858,0.19,None,0.0,No 5G Tower in Geographic Range,Sat_STARLINK-SHELL-1-061-004,300.0,Fully Served,LEO
0,0.0,0.0,2517,48.676,-85.1219,0.7,None,0.0,No 5G Tower in Geographic Range,Sat_STARLINK-SHELL-1-051-006,300.0,Fully Served,LEO
0,0.0,0.0,2518,45.2603,-75.1188,0.81,BS_565,100.0,Fully Served,None,0.0,N/A,TN
0,0.0,0.0,2519,52.9267,-88.7555,0.44,None,0.0,No 5G Tower in Geographic Range,Sat_STARLINK-SHELL-1-055-005,300.0,Fully Served,LEO
0,0.0,0.0,2520,54.5307,-91.5863,0.18,None,0.0,No 5G Tower in Geographic Range,Sat_STARLINK-SHELL-4-022-006,299.71,Fully Served,LEO
0,0.0,0.0,2521,56.2108,-88.3612,0.39,None,0.0,No 5G Tower in Geographic Range,Sat_STARLINK-SHELL-5-002-014,300.0,Fully Served,LEO
0,0.0,0.0,2522,50.5195,-91.4821,0.86,None,0.0,No 5G Tower in Geographic Range,Sat_STARLINK-SHELL-5-002-015,300.0,Fully Served,LEO
0,0.0,0.0,2523,53.1878,-88.3436,0.31,None,0.0,No 5G Tower in Geographic Range,Sat_STARLINK-SHELL-2-055-005,300.0,Fully Served,LEO
0,0.0,0.0,2524,51.3379,-91.3133,3.09,None,0.0,No 5G Tower in Geographic Range,Sat_STARLINK-SHELL-3-003-020,298.45,Fully Served,LEO
0,0.0,0.0,2525,42.1785,-82.743,2.97,None,0.0,No 5G Tower in Geographic Range,Sat_STARLINK-SHELL-1-048-007,300.0,Fully Served,LEO
0,0.0,0.0,2527,50.673,-83.3483,4.31,None,0.0,No 5G Tower in Geographic Range,Sat_STARLINK-SHELL-1-061-004,300.0,Fully Served,LEO
0,0.0,0.0,2528,53.112,-92.2317,0.41,None,0.0,No 5G Tower in Geographic Range,Sat_STARLINK-SHELL-2-054-005,300.0,Fully Served,LEO
0,0.0,0.0,2529,51.3379,-88.082,0.18,None,0.0,No 5G Tower in Geographic Range,Sat_STARLINK-SHELL-1-060-004,300.0,Fully Served,LEO
0,0.0,0.0,2530,53.9923,-85.9172,4.33,None,0.0,No 5G Tower in Geographic Range,Sat_STARLINK-SHELL-2-055-005,300.0,Fully Served,LEO
0,0.0,0.0,2531,50.3587,-85.7871,0.33,None,0.0,No 5G Tower in Geographic Range,Sat_STARLINK-SHELL-4-035-002,300.0,Fully Served,LEO
0,0.0,0.0,2533,50.9138,-83.1904,0.79,None,0.0,No 5G Tower in Geographic Range,Sat_STARLINK-SHELL-1-061-004,300.0,Fully Served,LEO
0,0.0,0.0,2534,52.737,-85.5774,4.79,None,0.0,No 5G Tower in Geographic Range,Sat_STARLINK-SHELL-1-055-005,300.0,Fully Served,LEO
0,0.0,0.0,2535,47.7645,-84.2816,0.93,None,0.0,No 5G Tower in Geographic Range,Sat_STARLINK-SHELL-1-051-006,300.0,Fully Served,LEO
0,0.0,0.0,2537,49.7242,-80.7688,0.15,None,0.0,No 5G Tower in Geographic Range,Sat_STARLINK-SHELL-2-052-006,300.0,Fully Served,LEO
0,0.0,0.0,2538,54.8515,-84.505,0.55,None,0.0,No 5G Tower in Geographic Range,Sat_STARLINK-SHELL-4-023-006,300.0,Fully Served,LEO
0,0.0,0.0,2539,53.3328,-88.3515,0.15,None,0.0,No 5G Tower in Geographic Range,Sat_STARLINK-SHELL-2-055-005,300.0,Fully Served,LEO
0,0.0,0.0,2540,48.5107,-81.0149,0.45,None,0.0,No 5G Tower in Geographic Range,Sat_STARLINK-SHELL-1-052-006,300.0,Fully Served,LEO
0,0.0,0.0,2541,53.2752,-90.558,0.43,None,0.0,No 5G Tower in Geographic Range,Sat_STARLINK-SHELL-3-003-020,300.0,Fully Served,LEO
0,0.0,0.0,2542,50.1306,-91.5624,0.75,None,0.0,No 5G Tower in Geographic Range,Sat_STARLINK-SHELL-5-002-015,300.0,Fully Served,LEO
0,0.0,0.0,2543,48.2475,-82.1855,2.67,None,0.0,No 5G Tower in Geographic Range,Sat_STARLINK-SHELL-1-051-006,299.65,Fully Served,LEO
0,0.0,0.0,2544,50.4028,-94.0219,0.75,None,0.0,No 5G Tower in Geographic Range,Sat_STARLINK-SHELL-2-049-006,300.0,Fully Served,LEO
0,0.0,0.0,2545,50.5717,-94.3254,0.71,None,0.0,No 5G Tower in Geographic Range,Sat_STARLINK-SHELL-1-059-004,300.0,Fully Served,LEO
0,0.0,0.0,2546,54.5888,-84.9594,4.82,None,0.0,No 5G Tower in Geographic Range,Sat_STARLINK-SHELL-2-056-005,300.0,Fully Served,LEO
0,0.0,0.0,2547,54.2716,-92.8361,0.64,None,0.0,No 5G Tower in Geographic Range,Sat_STARLINK-SHELL-2-054-005,299.83,Fully Served,LEO
0,0.0,0.0,2548,53.4092,-88.9958,0.52,None,0.0,No 5G Tower in Geographic Range,Sat_STARLINK-SHELL-2-055-005,300.0,Fully Served,LEO
0,0.0,0.0,2549,53.6997,-84.5314,0.89,None,0.0,No 5G Tower in Geographic Range,Sat_STARLINK-SHELL-2-056-005,300.0,Fully Served,LEO
0,0.0,0.0,2550,52.3696,-81.9965,0.95,None,0.0,No 5G Tower in Geographic Range,Sat_STARLINK-SHELL-2-061-004,300.0,Fully Served,LEO
0,0.0,0.0,2551,47.0141,-82.0406,0.69,None,0.0,No 5G Tower in Geographic Range,Sat_STARLINK-SHELL-1-065-003,300.0,Fully Served,LEO
0,0.0,0.0,2552,51.902,-83.8222,3.93,None,0.0,No 5G Tower in Geographic Range,Sat_STARLINK-SHELL-2-061-004,300.0,Fully Served,LEO
0,0.0,0.0,2553,48.0005,-83.9521,0.8,None,0.0,No 5G Tower in Geographic Range,Sat_STARLINK-SHELL-1-051-006,300.0,Fully Served,LEO
0,0.0,0.0,2554,50.9229,-82.7416,0.43,None,0.0,No 5G Tower in Geographic Range,Sat_STARLINK-SHELL-1-061-004,300.0,Fully Served,LEO
0,0.0,0.0,2556,48.6057,-79.591,0.7,None,0.0,No 5G Tower in Geographic Range,Sat_STARLINK-SHELL-1-052-006,300.0,Fully Served,LEO
0,0.0,0.0,2557,50.5233,-82.219,0.66,None,0.0,No 5G Tower in Geographic Range,Sat_STARLINK-SHELL-1-061-004,300.0,Fully Served,LEO
0,0.0,0.0,2558,48.2721,-80.5817,3.83,None,0.0,No 5G Tower in Geographic Range,Sat_STARLINK-SHELL-1-052-006,300.0,Fully Served,LEO
0,0.0,0.0,2559,48.1132,-83.0128,0.66,None,0.0,No 5G Tower in Geographic Range,Sat_STARLINK-SHELL-1-051-006,300.0,Fully Served,LEO
0,0.0,0.0,2560,49.4605,-82.7503,0.58,None,0.0,No 5G Tower in Geographic Range,Sat_STARLINK-SHELL-2-051-006,300.0,Fully Served,LEO
0,0.0,0.0,2561,52.7548,-94.23,0.88,None,0.0,No 5G Tower in Geographic Range,Sat_STARLINK-SHELL-1-054-005,300.0,Fully Served,LEO
0,0.0,0.0,2562,53.6557,-84.6949,0.65,None,0.0,No 5G Tower in Geographic Range,Sat_STARLINK-SHELL-2-056-005,299.87,Fully Served,LEO
0,0.0,0.0,2563,46.4916,-83.7037,0.45,None,0.0,No 5G Tower in Geographic Range,Sat_STARLINK-SHELL-2-065-003,299.8,Fully Served,LEO
0,0.0,0.0,2564,51.3634,-87.6082,0.19,None,0.0,No 5G Tower in Geographic Range,Sat_STARLINK-SHELL-1-060-004,299.68,Fully Served,LEO
0,0.0,0.0,2565,42.2693,-82.3525,0.78,None,0.0,No 5G Tower in Geographic Range,Sat_STARLINK-SHELL-1-048-007,300.0,Fully Served,LEO
0,0.0,0.0,2566,50.6284,-93.598,0.93,None,0.0,No 5G Tower in Geographic Range,Sat_STARLINK-SHELL-1-059-004,300.0,Fully Served,LEO
0,0.0,0.0,2567,55.1083,-85.5619,0.42,None,0.0,No 5G Tower in Geographic Range,Sat_STARLINK-SHELL-2-055-005,300.0,Fully Served,LEO
0,0.0,0.0,2568,46.5253,-83.6691,0.48,None,0.0,No 5G Tower in Geographic Range,Sat_STARLINK-SHELL-2-065-003,300.0,Fully Served,LEO
0,0.0,0.0,2569,49.759,-86.0778,0.48,None,0.0,No 5G Tower in Geographic Range,Sat_STARLINK-SHELL-4-035-002,300.0,Fully Served,LEO
0,0.0,0.0,2570,51.2264,-84.6064,0.31,None,0.0,No 5G Tower in Geographic Range,Sat_STARLINK-SHELL-1-061-004,300.0,Fully Served,LEO
0,0.0,0.0,2571,51.1346,-80.0087,0.94,None,0.0,No 5G Tower in Geographic Range,Sat_STARLINK-SHELL-1-061-004,300.0,Fully Served,LEO
0,0.0,0.0,2572,49.5949,-93.4801,0.62,None,0.0,No 5G Tower in Geographic Range,Sat_STARLINK-SHELL-2-049-006,300.0,Fully Served,LEO
0,0.0,0.0,2573,51.2531,-92.2158,0.62,None,0.0,No 5G Tower in Geographic Range,Sat_STARLINK-SHELL-1-059-004,300.0,Fully Served,LEO
0,0.0,0.0,2574,46.2834,-82.1271,0.57,None,0.0,No 5G Tower in Geographic Range,Sat_STARLINK-SHELL-1-065-003,300.0,Fully Served,LEO
0,0.0,0.0,2575,51.7634,-81.8668,4.1,None,0.0,No 5G Tower in Geographic Range,Sat_STARLINK-SHELL-1-061-004,300.0,Fully Served,LEO
0,0.0,0.0,2576,53.4095,-90.8913,4.5,None,0.0,No 5G Tower in Geographic Range,Sat_STARLINK-SHELL-3-003-020,300.0,Fully Served,LEO
0,0.0,0.0,2577,45.7726,-81.5929,0.38,None,0.0,No 5G Tower in Geographic Range,Sat_STARLINK-SHELL-2-066-003,300.0,Fully Served,LEO
0,0.0,0.0,2578,50.2225,-85.334,4.32,None,0.0,No 5G Tower in Geographic Range,Sat_STARLINK-SHELL-4-035-002,299.69,Fully Served,LEO
0,0.0,0.0,2579,55.0891,-88.2567,0.88,None,0.0,No 5G Tower in Geographic Range,Sat_STARLINK-SHELL-4-022-006,299.63,Fully Served,LEO
0,0.0,0.0,2581,52.7722,-91.0049,0.37,None,0.0,No 5G Tower in Geographic Range,Sat_STARLINK-SHELL-3-003-020,300.0,Fully Served,LEO
0,0.0,0.0,2582,51.3132,-82.3277,0.18,None,0.0,No 5G Tower in Geographic Range,Sat_STARLINK-SHELL-1-061-004,300.0,Fully Served,LEO
0,0.0,0.0,2583,50.1291,-87.8105,2.86,None,0.0,No 5G Tower in Geographic Range,Sat_STARLINK-SHELL-2-050-006,300.0,Fully Served,LEO
0,0.0,0.0,2584,47.3775,-83.9844,4.92,None,0.0,No 5G Tower in Geographic Range,Sat_STARLINK-SHELL-2-065-003,298.7,Fully Served,LEO
0,0.0,0.0,2585,47.3509,-83.905,3.64,None,0.0,No 5G Tower in Geographic Range,Sat_STARLINK-SHELL-2-065-003,300.0,Fully Served,LEO
0,0.0,0.0,2586,50.9995,-81.2624,0.79,None,0.0,No 5G Tower in Geographic Range,Sat_STARLINK-SHELL-1-061-004,300.0,Fully Served,LEO
0,0.0,0.0,2587,51.8815,-92.8446,3.45,None,0.0,No 5G Tower in Geographic Range,Sat_STARLINK-SHELL-2-059-004,299.85,Fully Served,LEO
0,0.0,0.0,2588,45.1242,-76.8683,0.6,None,0.0,No 5G Tower in Geographic Range,Sat_STARLINK-SHELL-1-066-003,300.0,Fully Served,LEO
0,0.0,0.0,2589,53.4873,-83.5185,0.92,None,0.0,No 5G Tower in Geographic Range,Sat_STARLINK-SHELL-2-056-005,300.0,Fully Served,LEO
0,0.0,0.0,2590,50.1165,-81.4991,4.16,None,0.0,No 5G Tower in Geographic Range,Sat_STARLINK-SHELL-1-061-004,300.0,Fully Served,LEO
0,0.0,0.0,2591,45.5578,-79.2565,0.45,None,0.0,No 5G Tower in Geographic Range,Sat_STARLINK-SHELL-1-066-003,300.0,Fully Served,LEO
0,0.0,0.0,2592,52.7636,-89.8848,0.15,None,0.0,No 5G Tower in Geographic Range,Sat_STARLINK-SHELL-3-003-020,300.0,Fully Served,LEO
0,0.0,0.0,2593,49.9609,-91.2718,0.69,None,0.0,No 5G Tower in Geographic Range,Sat_STARLINK-SHELL-5-002-015,300.0,Fully Served,LEO
0,0.0,0.0,2594,54.485,-84.5653,0.2,None,0.0,No 5G Tower in Geographic Range,Sat_STARLINK-SHELL-2-056-005,300.0,Fully Served,LEO
0,0.0,0.0,2595,54.5197,-85.888,0.86,None,0.0,No 5G Tower in Geographic Range,Sat_STARLINK-SHELL-2-055-005,300.0,Fully Served,LEO
0,0.0,0.0,2596,53.8565,-85.7284,0.49,None,0.0,No 5G Tower in Geographic Range,Sat_STARLINK-SHELL-2-055-005,300.0,Fully Served,LEO
0,0.0,0.0,2597,42.6775,-81.2556,0.65,BS_202,19.97,Fully Served,None,0.0,N/A,TN
0,0.0,0.0,2598,51.2121,-82.038,3.22,None,0.0,No 5G Tower in Geographic Range,Sat_STARLINK-SHELL-1-061-004,300.0,Fully Served,LEO
0,0.0,0.0,2599,54.9569,-84.4246,0.6,None,0.0,No 5G Tower in Geographic Range,Sat_STARLINK-SHELL-4-023-006,300.0,Fully Served,LEO
0,0.0,0.0,2600,43.3564,-80.9761,4.77,BS_527,100.0,Fully Served,None,0.0,N/A,TN
0,0.0,0.0,2601,54.8866,-83.3572,0.82,None,0.0,No 5G Tower in Geographic Range,Sat_STARLINK-SHELL-4-023-006,300.0,Fully Served,LEO
0,0.0,0.0,2602,51.412,-87.7344,0.45,None,0.0,No 5G Tower in Geographic Range,Sat_STARLINK-SHELL-1-060-004,300.0,Fully Served,LEO
0,0.0,0.0,2603,53.3991,-89.9106,0.77,None,0.0,No 5G Tower in Geographic Range,Sat_STARLINK-SHELL-3-003-020,300.0,Fully Served,LEO
0,0.0,0.0,2604,52.2504,-87.3578,0.97,None,0.0,No 5G Tower in Geographic Range,Sat_STARLINK-SHELL-2-060-004,300.0,Fully Served,LEO
0,0.0,0.0,2606,44.5735,-80.8641,0.4,None,0.0,No 5G Tower in Geographic Range,Sat_STARLINK-SHELL-1-066-003,300.0,Fully Served,LEO
0,0.0,0.0,2607,44.8542,-77.6995,4.65,None,0.0,No 5G Tower in Geographic Range,Sat_STARLINK-SHELL-1-066-003,300.0,Fully Served,LEO
0,0.0,0.0,2608,45.746,-82.1087,0.49,None,0.0,No 5G Tower in Geographic Range,Sat_STARLINK-SHELL-1-065-003,300.0,Fully Served,LEO
0,0.0,0.0,2609,49.0217,-87.1855,0.72,None,0.0,No 5G Tower in Geographic Range,Sat_STARLINK-SHELL-4-035-002,300.0,Fully Served,LEO
0,0.0,0.0,2611,54.8612,-83.3363,0.85,None,0.0,No 5G Tower in Geographic Range,Sat_STARLINK-SHELL-4-023-006,299.69,Fully Served,LEO
0,0.0,0.0,2612,48.0103,-79.5547,0.88,None,0.0,No 5G Tower in Geographic Range,Sat_STARLINK-SHELL-1-052-006,300.0,Fully Served,LEO
0,0.0,0.0,2613,52.5569,-88.0955,0.89,None,0.0,No 5G Tower in Geographic Range,Sat_STARLINK-SHELL-1-055-005,300.0,Fully Served,LEO
0,0.0,0.0,2614,49.1568,-86.0734,0.78,None,0.0,No 5G Tower in Geographic Range,Sat_STARLINK-SHELL-4-035-002,300.0,Fully Served,LEO
0,0.0,0.0,2615,51.1355,-88.3974,0.68,None,0.0,No 5G Tower in Geographic Range,Sat_STARLINK-SHELL-1-060-004,300.0,Fully Served,LEO
0,0.0,0.0,2617,48.7131,-89.6511,0.49,None,0.0,No 5G Tower in Geographic Range,Sat_STARLINK-SHELL-1-050-006,300.0,Fully Served,LEO
0,0.0,0.0,2618,48.0952,-83.4218,0.18,None,0.0,No 5G Tower in Geographic Range,Sat_STARLINK-SHELL-1-051-006,300.0,Fully Served,LEO
0,0.0,0.0,2620,52.0317,-90.2133,0.57,None,0.0,No 5G Tower in Geographic Range,Sat_STARLINK-SHELL-3-003-020,300.0,Fully Served,LEO
0,0.0,0.0,2621,44.6162,-79.9196,0.84,None,0.0,No 5G Tower in Geographic Range,Sat_STARLINK-SHELL-1-066-003,300.0,Fully Served,LEO
0,0.0,0.0,2622,50.1551,-85.429,0.82,None,0.0,No 5G Tower in Geographic Range,Sat_STARLINK-SHELL-4-035-002,300.0,Fully Served,LEO
0,0.0,0.0,2623,53.6935,-88.244,4.74,None,0.0,No 5G Tower in Geographic Range,Sat_STARLINK-SHELL-2-055-005,300.0,Fully Served,LEO
0,0.0,0.0,2624,49.2729,-87.2415,0.33,None,0.0,No 5G Tower in Geographic Range,Sat_STARLINK-SHELL-4-035-002,300.0,Fully Served,LEO
0,0.0,0.0,2625,54.8077,-82.4513,4.56,None,0.0,No 5G Tower in Geographic Range,Sat_STARLINK-SHELL-4-023-006,300.0,Fully Served,LEO
0,0.0,0.0,2626,50.5951,-82.9582,0.11,None,0.0,No 5G Tower in Geographic Range,Sat_STARLINK-SHELL-1-061-004,300.0,Fully Served,LEO
0,0.0,0.0,2627,50.4652,-91.7262,0.59,None,0.0,No 5G Tower in Geographic Range,Sat_STARLINK-SHELL-5-002-015,300.0,Fully Served,LEO
0,0.0,0.0,2629,52.3626,-84.0262,4.8,None,0.0,No 5G Tower in Geographic Range,Sat_STARLINK-SHELL-2-061-004,300.0,Fully Served,LEO
0,0.0,0.0,2630,44.2545,-79.2227,0.88,BS_423,100.0,Fully Served,None,0.0,N/A,TN
0,0.0,0.0,2633,51.7677,-91.1602,0.69,None,0.0,No 5G Tower in Geographic Range,Sat_STARLINK-SHELL-3-003-020,300.0,Fully Served,LEO
0,0.0,0.0,2634,48.8619,-83.7667,0.88,None,0.0,No 5G Tower in Geographic Range,Sat_STARLINK-SHELL-2-051-006,300.0,Fully Served,LEO
0,0.0,0.0,2635,53.1124,-84.2304,0.16,None,0.0,No 5G Tower in Geographic Range,Sat_STARLINK-SHELL-1-056-005,300.0,Fully Served,LEO
0,0.0,0.0,2636,44.2882,-77.5518,3.48,None,0.0,No 5G Tower in Geographic Range,Sat_STARLINK-SHELL-1-066-003,300.0,Fully Served,LEO
0,0.0,0.0,2637,42.739,-80.4611,4.92,BS_285,100.0,Fully Served,None,0.0,N/A,TN
0,0.0,0.0,2638,47.4759,-83.5483,4.9,None,0.0,No 5G Tower in Geographic Range,Sat_STARLINK-SHELL-1-051-006,300.0,Fully Served,LEO
0,0.0,0.0,2639,53.2205,-89.0782,0.72,None,0.0,No 5G Tower in Geographic Range,Sat_STARLINK-SHELL-2-055-005,300.0,Fully Served,LEO
0,0.0,0.0,2640,46.0708,-79.7437,0.14,None,0.0,No 5G Tower in Geographic Range,Sat_STARLINK-SHELL-2-066-003,300.0,Fully Served,LEO
0,0.0,0.0,2641,51.8431,-89.3561,0.54,None,0.0,No 5G Tower in Geographic Range,Sat_STARLINK-SHELL-3-003-020,300.0,Fully Served,LEO
0,0.0,0.0,2642,50.5607,-91.099,0.75,None,0.0,No 5G Tower in Geographic Range,Sat_STARLINK-SHELL-5-002-015,299.65,Fully Served,LEO
0,0.0,0.0,2643,54.6139,-89.8395,0.18,None,0.0,No 5G Tower in Geographic Range,Sat_STARLINK-SHELL-4-022-006,300.0,Fully Served,LEO
0,0.0,0.0,2644,54.27,-85.517,0.7,None,0.0,No 5G Tower in Geographic Range,Sat_STARLINK-SHELL-2-055-005,300.0,Fully Served,LEO
0,0.0,0.0,2645,46.5647,-83.9464,2.14,None,0.0,No 5G Tower in Geographic Range,Sat_STARLINK-SHELL-2-065-003,300.0,Fully Served,LEO
0,0.0,0.0,2646,44.6019,-76.1804,0.31,BS_74,100.0,Fully Served,None,0.0,N/A,TN
0,0.0,0.0,2647,53.2724,-89.625,0.68,None,0.0,No 5G Tower in Geographic Range,Sat_STARLINK-SHELL-3-003-020,300.0,Fully Served,LEO
0,0.0,0.0,2648,55.0548,-88.3407,0.96,None,0.0,No 5G Tower in Geographic Range,Sat_STARLINK-SHELL-4-022-006,300.0,Fully Served,LEO
0,0.0,0.0,2650,45.4503,-76.2834,0.52,BS_460,20.0,Fully Served,None,0.0,N/A,TN
0,0.0,0.0,2651,53.7565,-82.98,0.18,None,0.0,No 5G Tower in Geographic Range,Sat_STARLINK-SHELL-2-056-005,300.0,Fully Served,LEO
0,0.0,0.0,2652,51.3871,-85.7197,2.77,None,0.0,No 5G Tower in Geographic Range,Sat_STARLINK-SHELL-1-060-004,300.0,Fully Served,LEO
0,0.0,0.0,2653,49.6297,-91.0675,0.48,None,0.0,No 5G Tower in Geographic Range,Sat_STARLINK-SHELL-5-002-015,300.0,Fully Served,LEO
0,0.0,0.0,2654,50.8613,-79.5147,0.66,None,0.0,No 5G Tower in Geographic Range,Sat_STARLINK-SHELL-1-062-004,300.0,Fully Served,LEO
0,0.0,0.0,2655,49.3933,-80.1149,0.45,None,0.0,No 5G Tower in Geographic Range,Sat_STARLINK-SHELL-2-052-006,300.0,Fully Served,LEO
0,0.0,0.0,2656,50.9114,-88.0092,0.75,None,0.0,No 5G Tower in Geographic Range,Sat_STARLINK-SHELL-1-060-004,300.0,Fully Served,LEO
0,0.0,0.0,2657,50.6432,-93.624,0.67,None,0.0,No 5G Tower in Geographic Range,Sat_STARLINK-SHELL-1-059-004,299.58,Fully Served,LEO
0,0.0,0.0,2658,54.2217,-87.0308,0.69,None,0.0,No 5G Tower in Geographic Range,Sat_STARLINK-SHELL-2-055-005,300.0,Fully Served,LEO
0,0.0,0.0,2659,46.0419,-77.3349,0.55,None,0.0,No 5G Tower in Geographic Range,Sat_STARLINK-SHELL-1-066-003,300.0,Fully Served,LEO
0,0.0,0.0,2660,50.3257,-94.4445,0.61,None,0.0,No 5G Tower in Geographic Range,Sat_STARLINK-SHELL-2-049-006,300.0,Fully Served,LEO
0,0.0,0.0,2661,53.7607,-90.2401,0.77,None,0.0,No 5G Tower in Geographic Range,Sat_STARLINK-SHELL-3-003-020,300.0,Fully Served,LEO
0,0.0,0.0,2662,52.8044,-94.5088,0.74,None,0.0,No 5G Tower in Geographic Range,Sat_STARLINK-SHELL-1-054-005,300.0,Fully Served,LEO
0,0.0,0.0,2663,48.6701,-86.2054,0.72,None,0.0,No 5G Tower in Geographic Range,Sat_STARLINK-SHELL-4-035-002,300.0,Fully Served,LEO
0,0.0,0.0,2665,50.9877,-87.8253,0.14,None,0.0,No 5G Tower in Geographic Range,Sat_STARLINK-SHELL-1-060-004,300.0,Fully Served,LEO
0,0.0,0.0,2666,50.094,-93.2158,0.32,None,0.0,No 5G Tower in Geographic Range,Sat_STARLINK-SHELL-2-049-006,300.0,Fully Served,LEO
0,0.0,0.0,2667,52.9714,-82.6218,0.99,None,0.0,No 5G Tower in Geographic Range,Sat_STARLINK-SHELL-1-056-005,298.79,Fully Served,LEO
0,0.0,0.0,2668,47.9568,-81.7143,0.18,None,0.0,No 5G Tower in Geographic Range,Sat_STARLINK-SHELL-1-051-006,300.0,Fully Served,LEO
0,0.0,0.0,2670,49.1368,-87.5027,0.65,None,0.0,No 5G Tower in Geographic Range,Sat_STARLINK-SHELL-2-050-006,300.0,Fully Served,LEO
0,0.0,0.0,2671,51.9528,-91.6457,0.85,None,0.0,No 5G Tower in Geographic Range,Sat_STARLINK-SHELL-3-003-020,300.0,Fully Served,LEO
0,0.0,0.0,2672,52.5264,-84.6296,0.31,None,0.0,No 5G Tower in Geographic Range,Sat_STARLINK-SHELL-1-056-005,300.0,Fully Served,LEO
0,0.0,0.0,2673,50.7487,-93.5953,0.13,None,0.0,No 5G Tower in Geographic Range,Sat_STARLINK-SHELL-1-059-004,300.0,Fully Served,LEO
0,0.0,0.0,2674,53.3225,-89.119,2.56,None,0.0,No 5G Tower in Geographic Range,Sat_STARLINK-SHELL-2-055-005,300.0,Fully Served,LEO
0,0.0,0.0,2675,55.52,-87.697,0.59,None,0.0,No 5G Tower in Geographic Range,Sat_STARLINK-SHELL-4-022-006,300.0,Fully Served,LEO
0,0.0,0.0,2676,50.6123,-85.8444,0.88,None,0.0,No 5G Tower in Geographic Range,Sat_STARLINK-SHELL-4-035-002,300.0,Fully Served,LEO
0,0.0,0.0,2677,48.844,-94.0295,0.75,None,0.0,No 5G Tower in Geographic Range,Sat_STARLINK-SHELL-1-049-006,300.0,Fully Served,LEO
0,0.0,0.0,2678,50.5944,-83.6317,0.65,None,0.0,No 5G Tower in Geographic Range,Sat_STARLINK-SHELL-1-061-004,300.0,Fully Served,LEO
0,0.0,0.0,2679,54.8655,-90.6959,0.2,None,0.0,No 5G Tower in Geographic Range,Sat_STARLINK-SHELL-4-022-006,300.0,Fully Served,LEO
0,0.0,0.0,2680,48.3512,-91.4765,0.49,None,0.0,No 5G Tower in Geographic Range,Sat_STARLINK-SHELL-5-002-015,299.64,Fully Served,LEO
0,0.0,0.0,2681,46.848,-84.0516,0.66,None,0.0,No 5G Tower in Geographic Range,Sat_STARLINK-SHELL-2-065-003,300.0,Fully Served,LEO
0,0.0,0.0,2682,51.034,-86.1132,0.98,None,0.0,No 5G Tower in Geographic Range,Sat_STARLINK-SHELL-1-060-004,300.0,Fully Served,LEO
0,0.0,0.0,2683,54.0267,-86.1348,0.6,None,0.0,No 5G Tower in Geographic Range,Sat_STARLINK-SHELL-2-055-005,298.24,Fully Served,LEO
0,0.0,0.0,2684,50.8273,-87.9673,4.1,None,0.0,No 5G Tower in Geographic Range,Sat_STARLINK-SHELL-1-060-004,300.0,Fully Served,LEO
0,0.0,0.0,2685,49.0976,-84.6624,0.17,None,0.0,No 5G Tower in Geographic Range,Sat_STARLINK-SHELL-4-035-002,300.0,Fully Served,LEO
0,0.0,0.0,2686,54.7902,-91.1115,0.72,None,0.0,No 5G Tower in Geographic Range,Sat_STARLINK-SHELL-4-022-006,300.0,Fully Served,LEO
0,0.0,0.0,2687,52.5122,-82.6861,4.3,None,0.0,No 5G Tower in Geographic Range,Sat_STARLINK-SHELL-1-056-005,300.0,Fully Served,LEO
0,0.0,0.0,2688,49.2296,-85.854,0.92,None,0.0,No 5G Tower in Geographic Range,Sat_STARLINK-SHELL-4-035-002,300.0,Fully Served,LEO
0,0.0,0.0,2689,49.8569,-88.1907,0.35,None,0.0,No 5G Tower in Geographic Range,Sat_STARLINK-SHELL-2-050-006,300.0,Fully Served,LEO
0,0.0,0.0,2690,49.5208,-90.4734,0.65,None,0.0,No 5G Tower in Geographic Range,Sat_STARLINK-SHELL-5-002-015,300.0,Fully Served,LEO
0,0.0,0.0,2691,48.6004,-92.1555,0.51,None,0.0,No 5G Tower in Geographic Range,Sat_STARLINK-SHELL-5-002-015,300.0,Fully Served,LEO
0,0.0,0.0,2692,43.6356,-79.8264,0.59,BS_745,19.98,Fully Served,None,0.0,N/A,TN
0,0.0,0.0,2693,49.2099,-93.2402,0.91,None,0.0,No 5G Tower in Geographic Range,Sat_STARLINK-SHELL-2-049-006,300.0,Fully Served,LEO
0,0.0,0.0,2694,49.9601,-82.6947,0.63,None,0.0,No 5G Tower in Geographic Range,Sat_STARLINK-SHELL-2-051-006,300.0,Fully Served,LEO
0,0.0,0.0,2695,44.1299,-79.8687,0.51,None,0.0,No 5G Tower in Geographic Range,Sat_STARLINK-SHELL-1-066-003,300.0,Fully Served,LEO
0,0.0,0.0,2696,50.3933,-84.262,0.99,None,0.0,No 5G Tower in Geographic Range,Sat_STARLINK-SHELL-4-035-002,300.0,Fully Served,LEO
0,0.0,0.0,2697,55.9261,-89.2483,0.92,None,0.0,No 5G Tower in Geographic Range,Sat_STARLINK-SHELL-4-022-006,300.0,Fully Served,LEO
0,0.0,0.0,2698,50.5579,-91.0673,0.8,None,0.0,No 5G Tower in Geographic Range,Sat_STARLINK-SHELL-5-002-015,300.0,Fully Served,LEO
0,0.0,0.0,2699,50.9063,-86.6292,0.32,None,0.0,No 5G Tower in Geographic Range,Sat_STARLINK-SHELL-1-060-004,300.0,Fully Served,LEO
0,0.0,0.0,2700,53.572,-86.1151,0.74,None,0.0,No 5G Tower in Geographic Range,Sat_STARLINK-SHELL-2-055-005,300.0,Fully Served,LEO
0,0.0,0.0,2701,51.2895,-87.6432,0.87,None,0.0,No 5G Tower in Geographic Range,Sat_STARLINK-SHELL-1-060-004,300.0,Fully Served,LEO
0,0.0,0.0,2702,51.8526,-87.8296,0.56,None,0.0,No 5G Tower in Geographic Range,Sat_STARLINK-SHELL-1-060-004,300.0,Fully Served,LEO
0,0.0,0.0,2704,50.4745,-88.8643,4.76,None,0.0,No 5G Tower in Geographic Range,Sat_STARLINK-SHELL-2-050-006,300.0,Fully Served,LEO
0,0.0,0.0,2705,46.4697,-83.7494,0.2,None,0.0,No 5G Tower in Geographic Range,Sat_STARLINK-SHELL-2-065-003,299.61,Fully Served,LEO
0,0.0,0.0,2706,46.6129,-81.8198,0.99,None,0.0,No 5G Tower in Geographic Range,Sat_STARLINK-SHELL-1-065-003,300.0,Fully Served,LEO
0,0.0,0.0,2707,48.0664,-80.6824,0.97,None,0.0,No 5G Tower in Geographic Range,Sat_STARLINK-SHELL-1-052-006,300.0,Fully Served,LEO
0,0.0,0.0,2708,44.6332,-76.7443,0.94,BS_219,100.0,Fully Served,None,0.0,N/A,TN
0,0.0,0.0,2710,47.4387,-79.8697,0.32,None,0.0,No 5G Tower in Geographic Range,Sat_STARLINK-SHELL-2-066-003,300.0,Fully Served,LEO
0,0.0,0.0,2711,52.2638,-86.5903,0.88,None,0.0,No 5G Tower in Geographic Range,Sat_STARLINK-SHELL-2-060-004,300.0,Fully Served,LEO
0,0.0,0.0,2712,47.9958,-83.0077,0.4,None,0.0,No 5G Tower in Geographic Range,Sat_STARLINK-SHELL-1-051-006,300.0,Fully Served,LEO
0,0.0,0.0,2713,44.8332,-75.6986,0.66,BS_691,100.0,Fully Served,None,0.0,N/A,TN
0,0.0,0.0,2714,51.5038,-82.1046,3.31,None,0.0,No 5G Tower in Geographic Range,Sat_STARLINK-SHELL-1-061-004,300.0,Fully Served,LEO
0,0.0,0.0,2716,53.5562,-83.076,2.44,None,0.0,No 5G Tower in Geographic Range,Sat_STARLINK-SHELL-2-056-005,300.0,Fully Served,LEO
0,0.0,0.0,2717,48.4794,-83.7625,0.12,None,0.0,No 5G Tower in Geographic Range,Sat_STARLINK-SHELL-1-051-006,300.0,Fully Served,LEO
0,0.0,0.0,2718,53.2038,-88.118,4.58,None,0.0,No 5G Tower in Geographic Range,Sat_STARLINK-SHELL-2-055-005,299.78,Fully Served,LEO
0,0.0,0.0,2719,51.9713,-89.4957,4.44,None,0.0,No 5G Tower in Geographic Range,Sat_STARLINK-SHELL-3-003-020,300.0,Fully Served,LEO
0,0.0,0.0,2720,51.4297,-83.3817,0.47,None,0.0,No 5G Tower in Geographic Range,Sat_STARLINK-SHELL-1-061-004,300.0,Fully Served,LEO
0,0.0,0.0,2721,44.5129,-76.2902,0.36,BS_68,100.0,Fully Served,None,0.0,N/A,TN
0,0.0,0.0,2722,53.6358,-85.8466,0.8,None,0.0,No 5G Tower in Geographic Range,Sat_STARLINK-SHELL-2-055-005,300.0,Fully Served,LEO
0,0.0,0.0,2723,54.754,-85.2459,0.3,None,0.0,No 5G Tower in Geographic Range,Sat_STARLINK-SHELL-4-023-006,300.0,Fully Served,LEO
0,0.0,0.0,2724,49.2886,-82.2529,0.16,None,0.0,No 5G Tower in Geographic Range,Sat_STARLINK-SHELL-2-051-006,300.0,Fully Served,LEO
0,0.0,0.0,2726,55.2675,-90.925,0.42,None,0.0,No 5G Tower in Geographic Range,Sat_STARLINK-SHELL-4-022-006,300.0,Fully Served,LEO
0,0.0,0.0,2727,48.4929,-80.6742,0.9,None,0.0,No 5G Tower in Geographic Range,Sat_STARLINK-SHELL-1-052-006,300.0,Fully Served,LEO
0,0.0,0.0,2729,46.2858,-78.8552,0.51,None,0.0,No 5G Tower in Geographic Range,Sat_STARLINK-SHELL-2-066-003,300.0,Fully Served,LEO
0,0.0,0.0,2730,54.6673,-91.8036,0.94,None,0.0,No 5G Tower in Geographic Range,Sat_STARLINK-SHELL-4-022-006,300.0,Fully Served,LEO
0,0.0,0.0,2731,48.3534,-83.9529,0.98,None,0.0,No 5G Tower in Geographic Range,Sat_STARLINK-SHELL-1-051-006,300.0,Fully Served,LEO
0,0.0,0.0,2732,50.3248,-93.4089,3.45,None,0.0,No 5G Tower in Geographic Range,Sat_STARLINK-SHELL-1-059-004,300.0,Fully Served,LEO
0,0.0,0.0,2733,50.376,-82.8552,3.19,None,0.0,No 5G Tower in Geographic Range,Sat_STARLINK-SHELL-1-061-004,300.0,Fully Served,LEO
0,0.0,0.0,2734,53.1429,-83.6453,0.83,None,0.0,No 5G Tower in Geographic Range,Sat_STARLINK-SHELL-1-056-005,300.0,Fully Served,LEO
0,0.0,0.0,2735,55.0725,-82.3068,2.67,None,0.0,No 5G Tower in Geographic Range,Sat_STARLINK-SHELL-4-023-006,300.0,Fully Served,LEO
0,0.0,0.0,2736,56.3232,-88.4006,0.69,None,0.0,No 5G Tower in Geographic Range,Sat_STARLINK-SHELL-5-002-014,300.0,Fully Served,LEO
0,0.0,0.0,2737,49.9244,-91.3878,0.7,None,0.0,No 5G Tower in Geographic Range,Sat_STARLINK-SHELL-5-002-015,300.0,Fully Served,LEO
0,0.0,0.0,2738,49.7519,-85.6673,0.97,None,0.0,No 5G Tower in Geographic Range,Sat_STARLINK-SHELL-4-035-002,300.0,Fully Served,LEO
0,0.0,0.0,2739,51.5399,-87.9633,0.32,None,0.0,No 5G Tower in Geographic Range,Sat_STARLINK-SHELL-1-060-004,300.0,Fully Served,LEO
0,0.0,0.0,2740,52.8091,-92.5709,0.99,None,0.0,No 5G Tower in Geographic Range,Sat_STARLINK-SHELL-1-054-005,300.0,Fully Served,LEO
0,0.0,0.0,2741,52.7512,-88.0286,0.95,None,0.0,No 5G Tower in Geographic Range,Sat_STARLINK-SHELL-1-055-005,300.0,Fully Served,LEO
0,0.0,0.0,2742,54.5705,-86.8767,0.87,None,0.0,No 5G Tower in Geographic Range,Sat_STARLINK-SHELL-2-055-005,300.0,Fully Served,LEO
0,0.0,0.0,2743,46.6367,-80.8552,0.61,BS_398,99.9,Fully Served,None,0.0,N/A,TN
0,0.0,0.0,2744,53.3988,-84.8293,1.0,None,0.0,No 5G Tower in Geographic Range,Sat_STARLINK-SHELL-2-056-005,300.0,Fully Served,LEO
0,0.0,0.0,2745,52.1438,-93.6173,0.8,None,0.0,No 5G Tower in Geographic Range,Sat_STARLINK-SHELL-2-059-004,300.0,Fully Served,LEO
0,0.0,0.0,2746,53.129,-93.4609,3.22,None,0.0,No 5G Tower in Geographic Range,Sat_STARLINK-SHELL-2-054-005,299.06,Fully Served,LEO
0,0.0,0.0,2747,53.7715,-89.6163,0.37,None,0.0,No 5G Tower in Geographic Range,Sat_STARLINK-SHELL-2-055-005,300.0,Fully Served,LEO
0,0.0,0.0,2748,53.7922,-88.8853,0.86,None,0.0,No 5G Tower in Geographic Range,Sat_STARLINK-SHELL-2-055-005,300.0,Fully Served,LEO
0,0.0,0.0,2749,54.7994,-86.5292,0.67,None,0.0,No 5G Tower in Geographic Range,Sat_STARLINK-SHELL-2-055-005,300.0,Fully Served,LEO
0,0.0,0.0,2752,49.611,-80.9938,0.48,None,0.0,No 5G Tower in Geographic Range,Sat_STARLINK-SHELL-1-052-006,300.0,Fully Served,LEO
0,0.0,0.0,2753,51.3916,-94.9656,0.59,None,0.0,No 5G Tower in Geographic Range,Sat_STARLINK-SHELL-1-059-004,300.0,Fully Served,LEO
0,0.0,0.0,2754,50.3636,-81.4131,0.7,None,0.0,No 5G Tower in Geographic Range,Sat_STARLINK-SHELL-1-061-004,300.0,Fully Served,LEO
0,0.0,0.0,2757,49.0081,-91.1457,0.55,None,0.0,No 5G Tower in Geographic Range,Sat_STARLINK-SHELL-5-002-015,300.0,Fully Served,LEO
0,0.0,0.0,2759,50.3493,-82.0549,0.89,None,0.0,No 5G Tower in Geographic Range,Sat_STARLINK-SHELL-1-061-004,300.0,Fully Served,LEO
0,0.0,0.0,2760,49.0342,-85.6914,4.66,None,0.0,No 5G Tower in Geographic Range,Sat_STARLINK-SHELL-4-035-002,300.0,Fully Served,LEO
0,0.0,0.0,2761,52.9683,-83.229,2.28,None,0.0,No 5G Tower in Geographic Range,Sat_STARLINK-SHELL-1-056-005,300.0,Fully Served,LEO
0,0.0,0.0,2762,55.3222,-88.9106,0.64,None,0.0,No 5G Tower in Geographic Range,Sat_STARLINK-SHELL-4-022-006,300.0,Fully Served,LEO
0,0.0,0.0,2763,51.9723,-92.8442,0.4,None,0.0,No 5G Tower in Geographic Range,Sat_STARLINK-SHELL-2-059-004,300.0,Fully Served,LEO
0,0.0,0.0,2764,48.4037,-84.2124,0.86,None,0.0,No 5G Tower in Geographic Range,Sat_STARLINK-SHELL-1-051-006,300.0,Fully Served,LEO
0,0.0,0.0,2765,53.2811,-92.8,0.54,None,0.0,No 5G Tower in Geographic Range,Sat_STARLINK-SHELL-2-054-005,300.0,Fully Served,LEO
0,0.0,0.0,2766,42.2458,-82.5655,0.82,None,0.0,No 5G Tower in Geographic Range,Sat_STARLINK-SHELL-1-048-007,300.0,Fully Served,LEO
0,0.0,0.0,2767,51.1505,-84.5556,0.93,None,0.0,No 5G Tower in Geographic Range,Sat_STARLINK-SHELL-1-061-004,300.0,Fully Served,LEO
0,0.0,0.0,2769,47.0788,-82.8084,4.05,None,0.0,No 5G Tower in Geographic Range,Sat_STARLINK-SHELL-2-065-003,300.0,Fully Served,LEO
0,0.0,0.0,2770,56.3172,-88.929,4.04,None,0.0,No 5G Tower in Geographic Range,Sat_STARLINK-SHELL-5-002-014,300.0,Fully Served,LEO
0,0.0,0.0,2771,49.985,-92.4845,0.17,None,0.0,No 5G Tower in Geographic Range,Sat_STARLINK-SHELL-5-002-015,300.0,Fully Served,LEO
0,0.0,0.0,2772,49.9129,-80.1967,2.76,None,0.0,No 5G Tower in Geographic Range,Sat_STARLINK-SHELL-2-052-006,300.0,Fully Served,LEO
0,0.0,0.0,2773,55.6425,-90.8871,0.75,None,0.0,No 5G Tower in Geographic Range,Sat_STARLINK-SHELL-4-022-006,300.0,Fully Served,LEO
0,0.0,0.0,2774,51.5542,-93.317,0.95,None,0.0,No 5G Tower in Geographic Range,Sat_STARLINK-SHELL-1-059-004,300.0,Fully Served,LEO
0,0.0,0.0,2775,50.5751,-80.3957,0.15,None,0.0,No 5G Tower in Geographic Range,Sat_STARLINK-SHELL-2-052-006,300.0,Fully Served,LEO
0,0.0,0.0,2777,53.7664,-82.4428,0.74,None,0.0,No 5G Tower in Geographic Range,Sat_STARLINK-SHELL-2-056-005,300.0,Fully Served,LEO
0,0.0,0.0,2779,53.3466,-88.1903,0.42,None,0.0,No 5G Tower in Geographic Range,Sat_STARLINK-SHELL-2-055-005,300.0,Fully Served,LEO
0,0.0,0.0,2781,51.8526,-93.9511,0.86,None,0.0,No 5G Tower in Geographic Range,Sat_STARLINK-SHELL-2-059-004,300.0,Fully Served,LEO
0,0.0,0.0,2782,52.1777,-87.0461,0.39,None,0.0,No 5G Tower in Geographic Range,Sat_STARLINK-SHELL-2-060-004,300.0,Fully Served,LEO
0,0.0,0.0,2783,54.4044,-84.9014,3.39,None,0.0,No 5G Tower in Geographic Range,Sat_STARLINK-SHELL-2-056-005,300.0,Fully Served,LEO
0,0.0,0.0,2784,54.0014,-85.2195,3.41,None,0.0,No 5G Tower in Geographic Range,Sat_STARLINK-SHELL-2-055-005,300.0,Fully Served,LEO
0,0.0,0.0,2786,50.9429,-94.5035,0.91,None,0.0,No 5G Tower in Geographic Range,Sat_STARLINK-SHELL-1-059-004,300.0,Fully Served,LEO
0,0.0,0.0,2787,52.9406,-83.9243,3.17,None,0.0,No 5G Tower in Geographic Range,Sat_STARLINK-SHELL-1-056-005,300.0,Fully Served,LEO
0,0.0,0.0,2788,54.3763,-86.5906,0.69,None,0.0,No 5G Tower in Geographic Range,Sat_STARLINK-SHELL-2-055-005,300.0,Fully Served,LEO
0,0.0,0.0,2789,48.9102,-81.5751,0.46,None,0.0,No 5G Tower in Geographic Range,Sat_STARLINK-SHELL-2-051-006,300.0,Fully Served,LEO
0,0.0,0.0,2790,52.2556,-90.3844,0.93,None,0.0,No 5G Tower in Geographic Range,Sat_STARLINK-SHELL-3-003-020,300.0,Fully Served,LEO
0,0.0,0.0,2791,52.8094,-89.4227,0.89,None,0.0,No 5G Tower in Geographic Range,Sat_STARLINK-SHELL-3-003-020,300.0,Fully Served,LEO
0,0.0,0.0,2792,50.2413,-85.1961,2.56,None,0.0,No 5G Tower in Geographic Range,Sat_STARLINK-SHELL-4-035-002,300.0,Fully Served,LEO
0,0.0,0.0,2793,52.3642,-92.3467,4.65,None,0.0,No 5G Tower in Geographic Range,Sat_STARLINK-SHELL-2-059-004,300.0,Fully Served,LEO
0,0.0,0.0,2794,47.4218,-80.8397,0.12,None,0.0,No 5G Tower in Geographic Range,Sat_STARLINK-SHELL-2-066-003,300.0,Fully Served,LEO
0,0.0,0.0,2795,50.1139,-89.8588,0.17,None,0.0,No 5G Tower in Geographic Range,Sat_STARLINK-SHELL-5-002-015,300.0,Fully Served,LEO
0,0.0,0.0,2796,49.581,-79.8731,3.95,None,0.0,No 5G Tower in Geographic Range,Sat_STARLINK-SHELL-2-052-006,300.0,Fully Served,LEO
0,0.0,0.0,2798,48.3337,-91.3776,0.71,None,0.0,No 5G Tower in Geographic Range,Sat_STARLINK-SHELL-5-002-015,300.0,Fully Served,LEO
0,0.0,0.0,2799,47.7517,-79.9483,0.61,None,0.0,No 5G Tower in Geographic Range,Sat_STARLINK-SHELL-1-052-006,300.0,Fully Served,LEO
0,0.0,0.0,2800,52.8567,-87.5057,0.3,None,0.0,No 5G Tower in Geographic Range,Sat_STARLINK-SHELL-1-055-005,300.0,Fully Served,LEO
0,0.0,0.0,2801,51.792,-86.9476,0.79,None,0.0,No 5G Tower in Geographic Range,Sat_STARLINK-SHELL-1-060-004,300.0,Fully Served,LEO
0,0.0,0.0,2802,52.2078,-81.6223,0.78,None,0.0,No 5G Tower in Geographic Range,Sat_STARLINK-SHELL-2-061-004,300.0,Fully Served,LEO
0,0.0,0.0,2803,55.525,-87.0969,0.6,None,0.0,No 5G Tower in Geographic Range,Sat_STARLINK-SHELL-5-002-014,300.0,Fully Served,LEO
0,0.0,0.0,2804,48.8595,-84.6931,0.79,None,0.0,No 5G Tower in Geographic Range,Sat_STARLINK-SHELL-1-051-006,300.0,Fully Served,LEO
0,0.0,0.0,2805,47.4868,-82.0901,3.21,None,0.0,No 5G Tower in Geographic Range,Sat_STARLINK-SHELL-1-051-006,300.0,Fully Served,LEO
0,0.0,0.0,2806,54.0897,-92.7568,0.64,None,0.0,No 5G Tower in Geographic Range,Sat_STARLINK-SHELL-2-054-005,300.0,Fully Served,LEO
0,0.0,0.0,2808,53.3247,-87.5551,0.96,None,0.0,No 5G Tower in Geographic Range,Sat_STARLINK-SHELL-2-055-005,300.0,Fully Served,LEO
0,0.0,0.0,2809,49.3945,-85.2632,4.17,None,0.0,No 5G Tower in Geographic Range,Sat_STARLINK-SHELL-4-035-002,300.0,Fully Served,LEO
0,0.0,0.0,2810,48.5832,-91.3852,4.38,None,0.0,No 5G Tower in Geographic Range,Sat_STARLINK-SHELL-5-002-015,300.0,Fully Served,LEO
0,0.0,0.0,2811,46.0555,-78.7826,0.69,None,0.0,No 5G Tower in Geographic Range,Sat_STARLINK-SHELL-1-066-003,300.0,Fully Served,LEO
0,0.0,0.0,2812,52.4233,-83.0588,0.48,None,0.0,No 5G Tower in Geographic Range,Sat_STARLINK-SHELL-2-061-004,300.0,Fully Served,LEO
0,0.0,0.0,2813,53.6055,-93.2763,0.94,None,0.0,No 5G Tower in Geographic Range,Sat_STARLINK-SHELL-2-054-005,300.0,Fully Served,LEO
0,0.0,0.0,2814,55.1731,-84.8864,0.59,None,0.0,No 5G Tower in Geographic Range,Sat_STARLINK-SHELL-4-023-006,300.0,Fully Served,LEO
0,0.0,0.0,2815,54.9908,-91.3339,0.86,None,0.0,No 5G Tower in Geographic Range,Sat_STARLINK-SHELL-4-022-006,300.0,Fully Served,LEO
0,0.0,0.0,2816,51.0011,-94.1758,0.84,None,0.0,No 5G Tower in Geographic Range,Sat_STARLINK-SHELL-1-059-004,300.0,Fully Served,LEO
0,0.0,0.0,2817,48.6328,-91.0239,0.45,None,0.0,No 5G Tower in Geographic Range,Sat_STARLINK-SHELL-1-050-006,300.0,Fully Served,LEO
0,0.0,0.0,2818,54.9254,-89.4697,0.53,None,0.0,No 5G Tower in Geographic Range,Sat_STARLINK-SHELL-4-022-006,300.0,Fully Served,LEO
0,0.0,0.0,2819,52.6352,-89.6644,0.72,None,0.0,No 5G Tower in Geographic Range,Sat_STARLINK-SHELL-3-003-020,300.0,Fully Served,LEO
0,0.0,0.0,2820,54.1319,-85.4436,0.95,None,0.0,No 5G Tower in Geographic Range,Sat_STARLINK-SHELL-2-055-005,300.0,Fully Served,LEO
0,0.0,0.0,2821,49.3485,-80.9643,0.67,None,0.0,No 5G Tower in Geographic Range,Sat_STARLINK-SHELL-1-052-006,300.0,Fully Served,LEO
0,0.0,0.0,2822,52.2764,-82.6019,0.6,None,0.0,No 5G Tower in Geographic Range,Sat_STARLINK-SHELL-2-061-004,300.0,Fully Served,LEO
0,0.0,0.0,2823,54.8316,-90.199,0.44,None,0.0,No 5G Tower in Geographic Range,Sat_STARLINK-SHELL-4-022-006,300.0,Fully Served,LEO
0,0.0,0.0,2824,51.3844,-86.7629,0.73,None,0.0,No 5G Tower in Geographic Range,Sat_STARLINK-SHELL-1-060-004,300.0,Fully Served,LEO
0,0.0,0.0,2825,52.4158,-92.0134,0.43,None,0.0,No 5G Tower in Geographic Range,Sat_STARLINK-SHELL-2-059-004,300.0,Fully Served,LEO
0,0.0,0.0,2826,51.4425,-93.3753,3.61,None,0.0,No 5G Tower in Geographic Range,Sat_STARLINK-SHELL-1-059-004,300.0,Fully Served,LEO
0,0.0,0.0,2827,53.007,-87.0312,0.34,None,0.0,No 5G Tower in Geographic Range,Sat_STARLINK-SHELL-1-055-005,300.0,Fully Served,LEO
0,0.0,0.0,2828,46.9329,-81.5463,0.18,None,0.0,No 5G Tower in Geographic Range,Sat_STARLINK-SHELL-2-066-003,300.0,Fully Served,LEO
0,0.0,0.0,2829,51.4017,-82.5141,0.63,None,0.0,No 5G Tower in Geographic Range,Sat_STARLINK-SHELL-1-061-004,300.0,Fully Served,LEO
0,0.0,0.0,2830,51.2452,-94.7864,0.35,None,0.0,No 5G Tower in Geographic Range,Sat_STARLINK-SHELL-1-059-004,300.0,Fully Served,LEO
0,0.0,0.0,2831,46.6154,-80.4672,0.98,BS_393,100.0,Fully Served,None,0.0,N/A,TN
0,0.0,0.0,2832,53.1589,-84.4118,0.2,None,0.0,No 5G Tower in Geographic Range,Sat_STARLINK-SHELL-1-056-005,300.0,Fully Served,LEO
0,0.0,0.0,2833,54.1538,-92.6935,0.41,None,0.0,No 5G Tower in Geographic Range,Sat_STARLINK-SHELL-2-054-005,300.0,Fully Served,LEO
0,0.0,0.0,2834,55.7271,-90.6003,0.51,None,0.0,No 5G Tower in Geographic Range,Sat_STARLINK-SHELL-4-022-006,300.0,Fully Served,LEO
0,0.0,0.0,2835,45.5824,-75.0227,0.77,BS_660,100.0,Fully Served,None,0.0,N/A,TN
0,0.0,0.0,2837,51.3551,-93.1326,0.7,None,0.0,No 5G Tower in Geographic Range,Sat_STARLINK-SHELL-1-059-004,300.0,Fully Served,LEO
0,0.0,0.0,2838,48.8805,-82.06,0.55,None,0.0,No 5G Tower in Geographic Range,Sat_STARLINK-SHELL-2-051-006,300.0,Fully Served,LEO
0,0.0,0.0,2839,54.539,-88.4714,0.2,None,0.0,No 5G Tower in Geographic Range,Sat_STARLINK-SHELL-2-055-005,300.0,Fully Served,LEO
0,0.0,0.0,2840,51.1236,-82.3482,0.49,None,0.0,No 5G Tower in Geographic Range,Sat_STARLINK-SHELL-1-061-004,300.0,Fully Served,LEO
0,0.0,0.0,2841,51.2162,-94.6247,0.79,None,0.0,No 5G Tower in Geographic Range,Sat_STARLINK-SHELL-1-059-004,299.85,Fully Served,LEO
0,0.0,0.0,2842,52.5215,-94.8938,0.54,None,0.0,No 5G Tower in Geographic Range,Sat_STARLINK-SHELL-1-054-005,300.0,Fully Served,LEO
0,0.0,0.0,2843,44.2364,-79.8728,0.6,None,0.0,No 5G Tower in Geographic Range,Sat_STARLINK-SHELL-1-066-003,300.0,Fully Served,LEO
0,0.0,0.0,2845,49.0913,-90.6517,0.32,None,0.0,No 5G Tower in Geographic Range,Sat_STARLINK-SHELL-5-002-015,300.0,Fully Served,LEO
0,0.0,0.0,2846,52.626,-84.7601,3.72,None,0.0,No 5G Tower in Geographic Range,Sat_STARLINK-SHELL-1-056-005,300.0,Fully Served,LEO
0,0.0,0.0,2847,47.7437,-82.1494,2.9,None,0.0,No 5G Tower in Geographic Range,Sat_STARLINK-SHELL-1-051-006,300.0,Fully Served,LEO
0,0.0,0.0,2849,51.053,-86.9627,0.51,None,0.0,No 5G Tower in Geographic Range,Sat_STARLINK-SHELL-1-060-004,300.0,Fully Served,LEO
0,0.0,0.0,2850,54.1385,-87.9257,0.33,None,0.0,No 5G Tower in Geographic Range,Sat_STARLINK-SHELL-2-055-005,300.0,Fully Served,LEO
0,0.0,0.0,2851,52.8965,-91.0431,0.96,None,0.0,No 5G Tower in Geographic Range,Sat_STARLINK-SHELL-3-003-020,300.0,Fully Served,LEO
0,0.0,0.0,2852,48.5795,-80.6958,0.81,None,0.0,No 5G Tower in Geographic Range,Sat_STARLINK-SHELL-1-052-006,300.0,Fully Served,LEO
0,0.0,0.0,2853,51.801,-83.6626,2.39,None,0.0,No 5G Tower in Geographic Range,Sat_STARLINK-SHELL-1-061-004,300.0,Fully Served,LEO
0,0.0,0.0,2854,51.8783,-92.1097,0.55,None,0.0,No 5G Tower in Geographic Range,Sat_STARLINK-SHELL-1-059-004,300.0,Fully Served,LEO
0,0.0,0.0,2855,50.4279,-82.4501,3.58,None,0.0,No 5G Tower in Geographic Range,Sat_STARLINK-SHELL-1-061-004,300.0,Fully Served,LEO
0,0.0,0.0,2856,51.3516,-92.8962,3.62,None,0.0,No 5G Tower in Geographic Range,Sat_STARLINK-SHELL-1-059-004,300.0,Fully Served,LEO
0,0.0,0.0,2858,53.7837,-89.5654,0.42,None,0.0,No 5G Tower in Geographic Range,Sat_STARLINK-SHELL-2-055-005,299.84,Fully Served,LEO
0,0.0,0.0,2859,54.5673,-85.65,0.51,None,0.0,No 5G Tower in Geographic Range,Sat_STARLINK-SHELL-2-055-005,300.0,Fully Served,LEO
0,0.0,0.0,2860,51.2018,-80.8227,0.84,None,0.0,No 5G Tower in Geographic Range,Sat_STARLINK-SHELL-1-061-004,300.0,Fully Served,LEO
0,0.0,0.0,2861,53.0102,-93.3446,0.54,None,0.0,No 5G Tower in Geographic Range,Sat_STARLINK-SHELL-1-054-005,300.0,Fully Served,LEO
0,0.0,0.0,2862,49.3116,-85.1416,0.77,None,0.0,No 5G Tower in Geographic Range,Sat_STARLINK-SHELL-4-035-002,300.0,Fully Served,LEO
0,0.0,0.0,2863,49.1903,-82.6858,0.76,None,0.0,No 5G Tower in Geographic Range,Sat_STARLINK-SHELL-2-051-006,300.0,Fully Served,LEO
0,0.0,0.0,2864,47.5692,-81.335,0.51,None,0.0,No 5G Tower in Geographic Range,Sat_STARLINK-SHELL-1-052-006,300.0,Fully Served,LEO
0,0.0,0.0,2865,51.7602,-92.9248,0.75,None,0.0,No 5G Tower in Geographic Range,Sat_STARLINK-SHELL-1-059-004,300.0,Fully Served,LEO
0,0.0,0.0,2867,47.2281,-80.3997,0.97,None,0.0,No 5G Tower in Geographic Range,Sat_STARLINK-SHELL-2-066-003,300.0,Fully Served,LEO
0,0.0,0.0,2868,51.315,-92.4756,0.78,None,0.0,No 5G Tower in Geographic Range,Sat_STARLINK-SHELL-1-059-004,300.0,Fully Served,LEO
0,0.0,0.0,2869,50.6138,-93.2114,3.87,None,0.0,No 5G Tower in Geographic Range,Sat_STARLINK-SHELL-1-059-004,300.0,Fully Served,LEO
0,0.0,0.0,2871,56.4961,-88.7209,2.28,None,0.0,No 5G Tower in Geographic Range,Sat_STARLINK-SHELL-5-002-014,300.0,Fully Served,LEO
0,0.0,0.0,2872,51.8147,-88.8159,0.42,None,0.0,No 5G Tower in Geographic Range,Sat_STARLINK-SHELL-2-060-004,300.0,Fully Served,LEO
0,0.0,0.0,2873,55.1297,-89.5678,0.74,None,0.0,No 5G Tower in Geographic Range,Sat_STARLINK-SHELL-4-022-006,300.0,Fully Served,LEO
0,0.0,0.0,2875,53.2891,-90.8662,4.21,None,0.0,No 5G Tower in Geographic Range,Sat_STARLINK-SHELL-3-003-020,300.0,Fully Served,LEO
0,0.0,0.0,2876,54.9496,-89.953,0.71,None,0.0,No 5G Tower in Geographic Range,Sat_STARLINK-SHELL-4-022-006,300.0,Fully Served,LEO
0,0.0,0.0,2877,53.7925,-86.4594,4.48,None,0.0,No 5G Tower in Geographic Range,Sat_STARLINK-SHELL-2-055-005,300.0,Fully Served,LEO
0,0.0,0.0,2878,52.6068,-94.3825,0.53,None,0.0,No 5G Tower in Geographic Range,Sat_STARLINK-SHELL-1-054-005,300.0,Fully Served,LEO
0,0.0,0.0,2879,49.6342,-89.5766,0.5,None,0.0,No 5G Tower in Geographic Range,Sat_STARLINK-SHELL-2-050-006,300.0,Fully Served,LEO
0,0.0,0.0,2880,46.5509,-79.8261,0.13,None,0.0,No 5G Tower in Geographic Range,Sat_STARLINK-SHELL-2-066-003,300.0,Fully Served,LEO
0,0.0,0.0,2881,53.143,-82.8743,0.49,None,0.0,No 5G Tower in Geographic Range,Sat_STARLINK-SHELL-2-056-005,300.0,Fully Served,LEO
0,0.0,0.0,2882,54.0133,-89.4416,3.47,None,0.0,No 5G Tower in Geographic Range,Sat_STARLINK-SHELL-2-055-005,300.0,Fully Served,LEO
0,0.0,0.0,2884,56.2042,-89.092,0.55,None,0.0,No 5G Tower in Geographic Range,Sat_STARLINK-SHELL-4-022-006,300.0,Fully Served,LEO
0,0.0,0.0,2886,42.9295,-81.0202,2.36,BS_536,19.57,Fully Served,None,0.0,N/A,TN
0,0.0,0.0,2887,51.4535,-86.6157,2.99,None,0.0,No 5G Tower in Geographic Range,Sat_STARLINK-SHELL-1-060-004,300.0,Fully Served,LEO
0,0.0,0.0,2889,50.648,-84.892,3.51,None,0.0,No 5G Tower in Geographic Range,Sat_STARLINK-SHELL-4-035-002,300.0,Fully Served,LEO
0,0.0,0.0,2890,54.2977,-88.5087,0.41,None,0.0,No 5G Tower in Geographic Range,Sat_STARLINK-SHELL-2-055-005,300.0,Fully Served,LEO
0,0.0,0.0,2891,51.5288,-83.5282,0.92,None,0.0,No 5G Tower in Geographic Range,Sat_STARLINK-SHELL-1-061-004,300.0,Fully Served,LEO
0,0.0,0.0,2892,50.598,-82.315,0.11,None,0.0,No 5G Tower in Geographic Range,Sat_STARLINK-SHELL-1-061-004,300.0,Fully Served,LEO
0,0.0,0.0,2893,47.3675,-81.8436,0.8,None,0.0,No 5G Tower in Geographic Range,Sat_STARLINK-SHELL-1-051-006,300.0,Fully Served,LEO
0,0.0,0.0,2894,53.8495,-88.6749,0.61,None,0.0,No 5G Tower in Geographic Range,Sat_STARLINK-SHELL-2-055-005,300.0,Fully Served,LEO
0,0.0,0.0,2895,44.7801,-79.2748,4.19,None,0.0,No 5G Tower in Geographic Range,Sat_STARLINK-SHELL-1-066-003,300.0,Fully Served,LEO
0,0.0,0.0,2896,47.2388,-81.7616,0.61,None,0.0,No 5G Tower in Geographic Range,Sat_STARLINK-SHELL-2-066-003,300.0,Fully Served,LEO
0,0.0,0.0,2898,50.6015,-81.7088,0.85,None,0.0,No 5G Tower in Geographic Range,Sat_STARLINK-SHELL-1-061-004,300.0,Fully Served,LEO
0,0.0,0.0,2899,52.4989,-89.3124,0.38,None,0.0,No 5G Tower in Geographic Range,Sat_STARLINK-SHELL-3-003-020,300.0,Fully Served,LEO
0,0.0,0.0,2900,54.9744,-84.4262,2.9,None,0.0,No 5G Tower in Geographic Range,Sat_STARLINK-SHELL-4-023-006,299.77,Fully Served,LEO
0,0.0,0.0,2901,54.3952,-85.1251,0.78,None,0.0,No 5G Tower in Geographic Range,Sat_STARLINK-SHELL-2-055-005,300.0,Fully Served,LEO
0,0.0,0.0,2902,53.086,-87.9569,0.45,None,0.0,No 5G Tower in Geographic Range,Sat_STARLINK-SHELL-2-055-005,300.0,Fully Served,LEO
0,0.0,0.0,2903,47.1171,-83.3866,0.43,None,0.0,No 5G Tower in Geographic Range,Sat_STARLINK-SHELL-2-065-003,300.0,Fully Served,LEO
0,0.0,0.0,2905,49.4115,-90.7505,0.96,None,0.0,No 5G Tower in Geographic Range,Sat_STARLINK-SHELL-5-002-015,300.0,Fully Served,LEO
0,0.0,0.0,2906,51.1399,-81.3692,0.15,None,0.0,No 5G Tower in Geographic Range,Sat_STARLINK-SHELL-1-061-004,300.0,Fully Served,LEO
0,0.0,0.0,2907,49.793,-94.231,0.47,None,0.0,No 5G Tower in Geographic Range,Sat_STARLINK-SHELL-2-049-006,300.0,Fully Served,LEO
0,0.0,0.0,2908,47.4669,-80.7549,0.86,None,0.0,No 5G Tower in Geographic Range,Sat_STARLINK-SHELL-2-066-003,299.94,Fully Served,LEO
0,0.0,0.0,2909,50.1677,-93.7843,0.81,None,0.0,No 5G Tower in Geographic Range,Sat_STARLINK-SHELL-2-049-006,300.0,Fully Served,LEO
0,0.0,0.0,2910,54.6405,-85.8698,0.98,None,0.0,No 5G Tower in Geographic Range,Sat_STARLINK-SHELL-2-055-005,300.0,Fully Served,LEO
0,0.0,0.0,2911,52.9383,-82.5006,3.31,None,0.0,No 5G Tower in Geographic Range,Sat_STARLINK-SHELL-1-056-005,300.0,Fully Served,LEO
0,0.0,0.0,2912,48.3097,-91.2811,4.29,None,0.0,No 5G Tower in Geographic Range,Sat_STARLINK-SHELL-1-050-006,300.0,Fully Served,LEO
0,0.0,0.0,2914,47.3925,-82.7103,2.92,None,0.0,No 5G Tower in Geographic Range,Sat_STARLINK-SHELL-1-051-006,300.0,Fully Served,LEO
0,0.0,0.0,2915,50.1559,-83.1639,2.4,None,0.0,No 5G Tower in Geographic Range,Sat_STARLINK-SHELL-2-051-006,300.0,Fully Served,LEO
0,0.0,0.0,2916,44.7733,-75.5096,2.01,BS_694,100.0,Fully Served,None,0.0,N/A,TN
0,0.0,0.0,2917,44.5109,-76.4286,0.42,BS_76,20.0,Fully Served,None,0.0,N/A,TN
0,0.0,0.0,2918,49.7858,-83.7098,0.58,None,0.0,No 5G Tower in Geographic Range,Sat_STARLINK-SHELL-2-051-006,300.0,Fully Served,LEO
0,0.0,0.0,2920,55.0624,-82.8643,0.93,None,0.0,No 5G Tower in Geographic Range,Sat_STARLINK-SHELL-4-023-006,300.0,Fully Served,LEO
0,0.0,0.0,2921,52.2051,-92.8289,0.3,None,0.0,No 5G Tower in Geographic Range,Sat_STARLINK-SHELL-2-059-004,300.0,Fully Served,LEO
0,0.0,0.0,2922,51.4011,-92.9874,2.53,None,0.0,No 5G Tower in Geographic Range,Sat_STARLINK-SHELL-1-059-004,300.0,Fully Served,LEO
0,0.0,0.0,2923,53.0776,-85.9425,0.1,None,0.0,No 5G Tower in Geographic Range,Sat_STARLINK-SHELL-2-055-005,300.0,Fully Served,LEO
0,0.0,0.0,2924,45.8726,-79.247,4.1,None,0.0,No 5G Tower in Geographic Range,Sat_STARLINK-SHELL-1-066-003,300.0,Fully Served,LEO
0,0.0,0.0,2925,48.1569,-83.2361,0.47,None,0.0,No 5G Tower in Geographic Range,Sat_STARLINK-SHELL-1-051-006,300.0,Fully Served,LEO
0,0.0,0.0,2926,55.632,-88.9697,4.5,None,0.0,No 5G Tower in Geographic Range,Sat_STARLINK-SHELL-4-022-006,300.0,Fully Served,LEO
0,0.0,0.0,2927,47.5497,-80.6257,0.34,None,0.0,No 5G Tower in Geographic Range,Sat_STARLINK-SHELL-2-066-003,300.0,Fully Served,LEO
0,0.0,0.0,2928,53.1789,-85.7971,0.94,None,0.0,No 5G Tower in Geographic Range,Sat_STARLINK-SHELL-2-055-005,300.0,Fully Served,LEO
0,0.0,0.0,2929,49.362,-92.7757,4.22,None,0.0,No 5G Tower in Geographic Range,Sat_STARLINK-SHELL-5-002-015,300.0,Fully Served,LEO
0,0.0,0.0,2930,55.7695,-87.0487,0.98,None,0.0,No 5G Tower in Geographic Range,Sat_STARLINK-SHELL-5-002-014,300.0,Fully Served,LEO
0,0.0,0.0,2931,49.363,-94.7871,0.41,None,0.0,No 5G Tower in Geographic Range,Sat_STARLINK-SHELL-2-049-006,300.0,Fully Served,LEO
0,0.0,0.0,2932,52.2031,-92.5583,0.66,None,0.0,No 5G Tower in Geographic Range,Sat_STARLINK-SHELL-2-059-004,300.0,Fully Served,LEO
0,0.0,0.0,2934,42.7997,-80.4588,0.67,BS_293,100.0,Fully Served,None,0.0,N/A,TN
0,0.0,0.0,2935,46.3191,-79.3055,0.89,None,0.0,No 5G Tower in Geographic Range,Sat_STARLINK-SHELL-2-066-003,300.0,Fully Served,LEO
0,0.0,0.0,2936,52.2868,-82.8475,0.41,None,0.0,No 5G Tower in Geographic Range,Sat_STARLINK-SHELL-2-061-004,300.0,Fully Served,LEO
0,0.0,0.0,2937,54.2968,-87.9705,0.97,None,0.0,No 5G Tower in Geographic Range,Sat_STARLINK-SHELL-2-055-005,300.0,Fully Served,LEO
0,0.0,0.0,2938,48.0888,-80.6314,2.74,None,0.0,No 5G Tower in Geographic Range,Sat_STARLINK-SHELL-1-052-006,299.56,Fully Served,LEO
0,0.0,0.0,2939,48.8765,-92.3626,0.7,None,0.0,No 5G Tower in Geographic Range,Sat_STARLINK-SHELL-5-002-015,300.0,Fully Served,LEO
0,0.0,0.0,2940,43.4179,-80.9251,0.76,BS_521,100.0,Fully Served,None,0.0,N/A,TN
0,0.0,0.0,2941,52.3507,-90.3337,2.16,None,0.0,No 5G Tower in Geographic Range,Sat_STARLINK-SHELL-3-003-020,300.0,Fully Served,LEO
0,0.0,0.0,2942,53.3671,-91.6603,0.46,None,0.0,No 5G Tower in Geographic Range,Sat_STARLINK-SHELL-2-054-005,300.0,Fully Served,LEO
0,0.0,0.0,2943,54.2324,-84.2654,0.8,None,0.0,No 5G Tower in Geographic Range,Sat_STARLINK-SHELL-2-056-005,300.0,Fully Served,LEO
0,0.0,0.0,2944,51.3701,-86.7322,0.16,None,0.0,No 5G Tower in Geographic Range,Sat_STARLINK-SHELL-1-060-004,300.0,Fully Served,LEO
0,0.0,0.0,2946,54.5652,-86.8465,0.34,None,0.0,No 5G Tower in Geographic Range,Sat_STARLINK-SHELL-2-055-005,300.0,Fully Served,LEO
0,0.0,0.0,2947,53.647,-84.7758,0.66,None,0.0,No 5G Tower in Geographic Range,Sat_STARLINK-SHELL-2-056-005,299.57,Fully Served,LEO
0,0.0,0.0,2948,54.4341,-83.8472,4.22,None,0.0,No 5G Tower in Geographic Range,Sat_STARLINK-SHELL-2-056-005,300.0,Fully Served,LEO
0,0.0,0.0,2949,47.3584,-83.7684,0.1,None,0.0,No 5G Tower in Geographic Range,Sat_STARLINK-SHELL-2-065-003,300.0,Fully Served,LEO
0,0.0,0.0,2950,53.5729,-84.8056,0.32,None,0.0,No 5G Tower in Geographic Range,Sat_STARLINK-SHELL-2-056-005,300.0,Fully Served,LEO
0,0.0,0.0,2951,48.1051,-89.7521,0.87,None,0.0,No 5G Tower in Geographic Range,Sat_STARLINK-SHELL-1-050-006,300.0,Fully Served,LEO
0,0.0,0.0,2952,49.641,-91.9608,0.82,None,0.0,No 5G Tower in Geographic Range,Sat_STARLINK-SHELL-5-002-015,300.0,Fully Served,LEO
0,0.0,0.0,2953,48.6472,-81.117,0.49,None,0.0,No 5G Tower in Geographic Range,Sat_STARLINK-SHELL-1-052-006,300.0,Fully Served,LEO
0,0.0,0.0,2954,51.9893,-86.1763,0.96,None,0.0,No 5G Tower in Geographic Range,Sat_STARLINK-SHELL-1-060-004,300.0,Fully Served,LEO
0,0.0,0.0,2955,48.8504,-92.5312,0.82,None,0.0,No 5G Tower in Geographic Range,Sat_STARLINK-SHELL-5-002-015,300.0,Fully Served,LEO
0,0.0,0.0,2956,50.4783,-88.3103,0.33,None,0.0,No 5G Tower in Geographic Range,Sat_STARLINK-SHELL-1-060-004,300.0,Fully Served,LEO
0,0.0,0.0,2957,43.2195,-81.1273,0.42,BS_522,20.0,Fully Served,None,0.0,N/A,TN
0,0.0,0.0,2958,52.9272,-85.9837,0.8,None,0.0,No 5G Tower in Geographic Range,Sat_STARLINK-SHELL-1-055-005,300.0,Fully Served,LEO
0,0.0,0.0,2960,50.2883,-80.501,0.97,None,0.0,No 5G Tower in Geographic Range,Sat_STARLINK-SHELL-2-052-006,300.0,Fully Served,LEO
0,0.0,0.0,2961,44.323,-80.1643,0.81,None,0.0,No 5G Tower in Geographic Range,Sat_STARLINK-SHELL-1-066-003,300.0,Fully Served,LEO
0,0.0,0.0,2962,50.5538,-90.567,0.86,None,0.0,No 5G Tower in Geographic Range,Sat_STARLINK-SHELL-5-002-015,300.0,Fully Served,LEO
0,0.0,0.0,2963,51.1334,-87.2361,0.36,None,0.0,No 5G Tower in Geographic Range,Sat_STARLINK-SHELL-1-060-004,300.0,Fully Served,LEO
0,0.0,0.0,2964,50.2027,-91.7199,0.32,None,0.0,No 5G Tower in Geographic Range,Sat_STARLINK-SHELL-5-002-015,300.0,Fully Served,LEO
0,0.0,0.0,2965,49.0323,-87.9058,0.17,None,0.0,No 5G Tower in Geographic Range,Sat_STARLINK-SHELL-2-050-006,300.0,Fully Served,LEO
0,0.0,0.0,2966,48.1491,-84.3673,0.93,None,0.0,No 5G Tower in Geographic Range,Sat_STARLINK-SHELL-1-051-006,300.0,Fully Served,LEO
0,0.0,0.0,2967,49.4545,-88.7662,2.2,None,0.0,No 5G Tower in Geographic Range,Sat_STARLINK-SHELL-2-050-006,300.0,Fully Served,LEO
0,0.0,0.0,2968,47.9381,-82.1884,0.84,None,0.0,No 5G Tower in Geographic Range,Sat_STARLINK-SHELL-1-051-006,300.0,Fully Served,LEO
0,0.0,0.0,2969,54.538,-91.7233,0.64,None,0.0,No 5G Tower in Geographic Range,Sat_STARLINK-SHELL-4-022-006,300.0,Fully Served,LEO
0,0.0,0.0,2970,50.4657,-89.4329,3.26,None,0.0,No 5G Tower in Geographic Range,Sat_STARLINK-SHELL-5-002-015,300.0,Fully Served,LEO
0,0.0,0.0,2971,54.6301,-89.3817,0.5,None,0.0,No 5G Tower in Geographic Range,Sat_STARLINK-SHELL-4-022-006,300.0,Fully Served,LEO
0,0.0,0.0,2972,50.0786,-82.0467,0.4,None,0.0,No 5G Tower in Geographic Range,Sat_STARLINK-SHELL-2-051-006,300.0,Fully Served,LEO
0,0.0,0.0,2973,55.0854,-90.5555,0.56,None,0.0,No 5G Tower in Geographic Range,Sat_STARLINK-SHELL-4-022-006,300.0,Fully Served,LEO
0,0.0,0.0,2974,49.02,-86.5544,2.73,None,0.0,No 5G Tower in Geographic Range,Sat_STARLINK-SHELL-4-035-002,300.0,Fully Served,LEO
0,0.0,0.0,2975,51.2958,-81.3323,0.14,None,0.0,No 5G Tower in Geographic Range,Sat_STARLINK-SHELL-1-061-004,300.0,Fully Served,LEO
0,0.0,0.0,2976,47.4507,-82.2238,0.8,None,0.0,No 5G Tower in Geographic Range,Sat_STARLINK-SHELL-1-051-006,300.0,Fully Served,LEO
0,0.0,0.0,2977,48.398,-83.7616,0.11,None,0.0,No 5G Tower in Geographic Range,Sat_STARLINK-SHELL-1-051-006,300.0,Fully Served,LEO
0,0.0,0.0,2978,52.1125,-94.6887,0.51,None,0.0,No 5G Tower in Geographic Range,Sat_STARLINK-SHELL-2-059-004,300.0,Fully Served,LEO
0,0.0,0.0,2979,49.0675,-87.4877,0.55,None,0.0,No 5G Tower in Geographic Range,Sat_STARLINK-SHELL-2-050-006,300.0,Fully Served,LEO
0,0.0,0.0,2980,54.7511,-83.6164,0.15,None,0.0,No 5G Tower in Geographic Range,Sat_STARLINK-SHELL-4-023-006,299.77,Fully Served,LEO
0,0.0,0.0,2981,52.582,-90.2039,1.0,None,0.0,No 5G Tower in Geographic Range,Sat_STARLINK-SHELL-3-003-020,300.0,Fully Served,LEO
0,0.0,0.0,2982,46.5576,-83.2645,0.6,None,0.0,No 5G Tower in Geographic Range,Sat_STARLINK-SHELL-1-065-003,300.0,Fully Served,LEO
0,0.0,0.0,2983,45.8007,-82.7774,0.67,None,0.0,No 5G Tower in Geographic Range,Sat_STARLINK-SHELL-1-065-003,300.0,Fully Served,LEO
0,0.0,0.0,2984,48.7867,-94.0315,0.46,None,0.0,No 5G Tower in Geographic Range,Sat_STARLINK-SHELL-1-049-006,300.0,Fully Served,LEO
0,0.0,0.0,2985,51.9969,-83.208,0.45,None,0.0,No 5G Tower in Geographic Range,Sat_STARLINK-SHELL-2-061-004,300.0,Fully Served,LEO
0,0.0,0.0,2986,44.9503,-75.5128,0.86,BS_696,100.0,Fully Served,None,0.0,N/A,TN
0,0.0,0.0,2987,55.0631,-83.7713,0.77,None,0.0,No 5G Tower in Geographic Range,Sat_STARLINK-SHELL-4-023-006,300.0,Fully Served,LEO
0,0.0,0.0,2988,51.0515,-92.1654,0.35,None,0.0,No 5G Tower in Geographic Range,Sat_STARLINK-SHELL-1-059-004,300.0,Fully Served,LEO
0,0.0,0.0,2989,50.0527,-91.8894,0.88,None,0.0,No 5G Tower in Geographic Range,Sat_STARLINK-SHELL-5-002-015,300.0,Fully Served,LEO
0,0.0,0.0,2990,44.2719,-77.3627,0.54,None,0.0,No 5G Tower in Geographic Range,Sat_STARLINK-SHELL-1-066-003,300.0,Fully Served,LEO
0,0.0,0.0,2991,52.955,-92.1315,0.31,None,0.0,No 5G Tower in Geographic Range,Sat_STARLINK-SHELL-1-054-005,300.0,Fully Served,LEO
0,0.0,0.0,2992,51.489,-92.8965,0.39,None,0.0,No 5G Tower in Geographic Range,Sat_STARLINK-SHELL-1-059-004,300.0,Fully Served,LEO
0,0.0,0.0,2993,46.4601,-81.7062,0.7,None,0.0,No 5G Tower in Geographic Range,Sat_STARLINK-SHELL-2-066-003,300.0,Fully Served,LEO
0,0.0,0.0,2994,48.9163,-87.8197,0.12,None,0.0,No 5G Tower in Geographic Range,Sat_STARLINK-SHELL-2-050-006,300.0,Fully Served,LEO
0,0.0,0.0,2995,42.7064,-80.7515,0.42,BS_537,100.0,Fully Served,None,0.0,N/A,TN
0,0.0,0.0,2996,55.2527,-85.6043,0.91,None,0.0,No 5G Tower in Geographic Range,Sat_STARLINK-SHELL-4-023-006,300.0,Fully Served,LEO
0,0.0,0.0,2997,49.9931,-88.2825,2.91,None,0.0,No 5G Tower in Geographic Range,Sat_STARLINK-SHELL-2-050-006,300.0,Fully Served,LEO
0,0.0,0.0,2998,48.4939,-89.3547,0.57,None,0.0,No 5G Tower in Geographic Range,Sat_STARLINK-SHELL-1-050-006,300.0,Fully Served,LEO
